Campaign,Ad Group,Ad type,Labels,Headline 1,Headline 1 position,Headline 2,Headline 2 position,Headline 3,Headline 3 position,Headline 4,Headline 4 position,Headline 5,Headline 5 position,Headline 6,Headline 6 position,Headline 7,Headline 7 position,Headline 8,Headline 8 position,Headline 9,Headline 9 position,Headline 10,Headline 10 position,Headline 11,Headline 11 position,Headline 12,Headline 12 position,Headline 13,Headline 13 position,Headline 14,Headline 14 position,Headline 15,Headline 15 position,Description 1,Description 1 position,Description 2,Description 2 position,Description 3,Description 3 position,Description 4,Description 4 position,Path 1,Path 2,Final URL,Final mobile URL,Tracking template,Final URL suffix,Custom parameters,Campaign Status,Ad Group Status,Status,Approval Status,Ad strength,Comment
Death - Upper,Birth Records - HHI LOWER 50,Responsive search ad,,Birth Certificates for just $1, -,"Enter Name, Instant Details",,,,,,,,,,,,,,,,,,,,,,,,,,,,"Just $1 to verify anyone's age, birthdate, birthplace. Credit Card required.", -,,,,,,,Birth,Records,https://www.idlookup.ai,https://www.idlookup.ai,https://www.idlookup.ai,,,Enabled,Enabled,Paused,,,
Death - Upper,Birth Records - HHI LOWER 50,Responsive search ad,,Birth Certificates for just $1, -,"Enter Name, Instant Details",,,,,,,,,,,,,,,,,,,,,,,,,,,,"Verify Their Age, Birthplace, Much More. Small Fee For Full Report. Credit Card Required", -,,,,,,,Birth,Records,https://www.idlookup.ai,https://www.idlookup.ai,https://www.idlookup.ai,,,Enabled,Enabled,Enabled,,,
Death - Upper,Birth Records - HHI LOWER 50,Responsive search ad,,Birth Certificates Online, -,"Enter Name, Instant Details",,,,,,,,,,,,,,,,,,,,,,,,,,,,"Just $1 to look up anyone's age, birthdate, birthplace and much more. Credit Card required", -,,,,,,,Birth,Records,https://www.idlookup.ai,https://www.idlookup.ai,https://www.idlookup.ai,,,Enabled,Enabled,Enabled,,,
Death - Upper,Birth Records - HHI upper 50,Responsive search ad,,Birth Certificates for just $1, -,"Enter Name, Instant Details",,,,,,,,,,,,,,,,,,,,,,,,,,,,"Just $1 to verify anyone's age, birthdate, birthplace. Credit Card required.", -,,,,,,,Birth,Records,https://www.idlookup.ai,https://www.idlookup.ai,https://www.idlookup.ai,,,Enabled,Enabled,Paused,,,
Death - Upper,Birth Records - HHI upper 50,Responsive search ad,,Birth Certificates for just $1, -,"Enter Name, Instant Details",,,,,,,,,,,,,,,,,,,,,,,,,,,,"Verify Their Age, Birthplace, Much More. Small Fee For Full Report. Credit Card Required", -,,,,,,,Birth,Records,https://www.idlookup.ai,https://www.idlookup.ai,https://www.idlookup.ai,,,Enabled,Enabled,Enabled,,,
Death - Upper,Birth Records - HHI upper 50,Responsive search ad,,Birth Certificates Online, -,"Enter Name, Instant Details",,,,,,,,,,,,,,,,,,,,,,,,,,,,"Just $1 to look up anyone's age, birthdate, birthplace and much more. Credit Card required", -,,,,,,,Birth,Records,https://www.idlookup.ai,https://www.idlookup.ai,https://www.idlookup.ai,,,Enabled,Enabled,Enabled,,,
Death - Lower,Death Certs,Responsive search ad,new or updated,Death Certificate & Obituaries, -,"Enter Name, Get Details",,Search Anyone For Free,,,,,,,,,,,,,,,,,,,,,,,,,,Just $1 For Death Certificates. Cheapest Price With Credit Card. 100% Satisfaction, -,"Find Out Who Died, When Happened, Cause Of Death, Surviving Family. Fast, Accurate, Easy!",,,,,,Death,Certificates,https://www.idlookup.ai,https://www.idlookup.ai,https://www.idlookup.ai,,,Paused,Paused,Enabled,,,
Death - Lower,Death Certs,Responsive search ad,,Death Certificates for just $1, -,"Enter Name, Instant Details",,,,,,,,,,,,,,,,,,,,,,,,,,,,"Just $1 to find out who has died, their age, the cause and where. Credit Card required.", -,,,,,,,Death,Records,https://www.idlookup.ai,https://www.idlookup.ai,https://www.idlookup.ai,,,Paused,Paused,Paused,,,
Death - Lower,Death Certs,Responsive search ad,,Death Certificates For Just $1, -,"Enter Name, Instant Details",,Death Certificates Online,,,,,,,,,,,,,,,,,,,,,,,,,,"Search And Lookup Death Certificates For Free. Nationwide For All States, Online Access.", -,"Then Just $1 For Full Certificate With Age, Dates, Cause Of Death. Credit Card Required",,,,,,Death,Records,https://www.idlookup.ai,https://www.idlookup.ai,https://www.idlookup.ai,,,Paused,Paused,Paused,,,
Death - Lower,Death Certs,Responsive search ad,,Death Certificates Online, -,"Enter Name, Get Details",,Search Anyone For Free,,,,,,,,,,,,,,,,,,,,,,,,,,"Find Out Who Died, Their Age, Cause Of Death And When. View Death Certificates Online", -,"Cheapest Price For Death Certificates. Search Free, Then Just $1 For Complete Details!",,,,,,Death,Certificates,https://www.idlookup.ai,https://www.idlookup.ai,https://www.idlookup.ai,,,Paused,Paused,Enabled,,,
Death - Lower,Death Certs,Responsive search ad,,Death Certificates Online, -,"Enter Name, Get Details",,Search Anyone For Free,,,,,,,,,,,,,,,,,,,,,,,,,,Just $1 For Death Certificates. Cheapest Price With Credit Card. 100% Satisfaction., -,"Search Free, Then Obtain Official Death Certificates. Find Out Who Died, Cause Of Death.",,,,,,Death,Certificates,https://www.idlookup.ai,https://www.idlookup.ai,https://www.idlookup.ai,,,Paused,Paused,Enabled,,,
Death - Lower,Death Certs,Responsive search ad,,Death Records for just $1, -,"Enter Name, Instant Details",,,,,,,,,,,,,,,,,,,,,,,,,,,,"Just $1 to find out who has died, their age, the cause and where. Credit Card required.", -,,,,,,,Death,Records,https://www.idlookup.ai,https://www.idlookup.ai,https://www.idlookup.ai,,,Paused,Paused,Paused,,,
Death - Lower,Death Certs,Responsive search ad,,Death Records Online, -,"Enter Name, Instant Details",,,,,,,,,,,,,,,,,,,,,,,,,,,,"Just $1 to find out who has died, their age, the cause and where. Credit Card required.", -,,,,,,,Death,Records,https://www.idlookup.ai,https://www.idlookup.ai,https://www.idlookup.ai,,,Paused,Paused,Paused,,,
Death - Upper,Death Certs,Responsive search ad,new or updated,Death Certificate & Obituaries, -,"Enter Name, Get Details",,Search Anyone For Free,,,,,,,,,,,,,,,,,,,,,,,,,,Just $1 For Death Certificates. Cheapest Price With Credit Card. 100% Satisfaction, -,"Find Out Who Died, When Happened, Cause Of Death, Surviving Family. Fast, Accurate, Easy!",,,,,,Death,Certificates,https://www.idlookup.ai,https://www.idlookup.ai,https://www.idlookup.ai,,,Enabled,Enabled,Paused,,,
Death - Upper,Death Certs,Responsive search ad,,Death Certificates For Just $1, -,"Enter Name, Instant Details",,Death Certificates Online,,,,,,,,,,,,,,,,,,,,,,,,,,"Search And Lookup Death Certificates For Free. Nationwide For All States, Online Access.", -,"Then Just $1 For Full Certificate With Age, Dates, Cause Of Death. Credit Card Required",,,,,,Death,Records,https://www.idlookup.ai,https://www.idlookup.ai,https://www.idlookup.ai,,,Enabled,Enabled,Paused,,,
Death - Upper,Death Certs,Responsive search ad,,Death Certificates Online, -,"Enter Name, Instant Details",,,,,,,,,,,,,,,,,,,,,,,,,,,,"Just $1 to find out who has died, their age, the cause and where. Credit Card required.", -,,,,,,,Death,Records,https://www.idlookup.ai,https://www.idlookup.ai,https://www.idlookup.ai,,,Enabled,Enabled,Paused,,,
Death - Upper,Death Certs,Responsive search ad,,Death Records for just $1, -,"Enter Name, Instant Details",,,,,,,,,,,,,,,,,,,,,,,,,,,,"Just $1 to find out who has died, their age, the cause and where. Credit Card required.", -,,,,,,,Death,Records,https://www.idlookup.ai,https://www.idlookup.ai,https://www.idlookup.ai,,,Enabled,Enabled,Paused,,,
Death - Upper,Death Certs,Responsive search ad,,Death Records for just $1, -,"Enter Name, Instant Details",,,,,,,,,,,,,,,,,,,,,,,,,,,,"Verify Who Has Died, Their Age And Cause. Small Fee For Full Report. Credit Card Required", -,,,,,,,Death,Records,https://www.idlookup.ai,https://www.idlookup.ai,https://www.idlookup.ai,,,Enabled,Enabled,Paused,,,
Death - Upper,Death Certs,Responsive search ad,,Death Records Online, -,"Enter Name, Instant Details",,,,,,,,,,,,,,,,,,,,,,,,,,,,"Just $1 to find out who has died, their age, the cause and where. Credit Card required.", -,,,,,,,Death,Records,https://www.idlookup.ai,https://www.idlookup.ai,https://www.idlookup.ai,,,Enabled,Enabled,Paused,,,
Death - Upper,Death Certs,Responsive search ad,,Public Death Certificates, -,Search Anyone For Free,,"Enter Name, Instant Details",,,,,,,,,,,,,,,,,,,,,,,,,,"Cheapest Price To View Death Certificates. Search Free, Then Just $1 For Complete Details!", -,"Find Out Who Died, Their Age, The Cause And When. View Death Certificates, Get Full Story.",,,,,,Death,Certificates,https://www.idlookup.ai,https://www.idlookup.ai,https://www.idlookup.ai,,,Enabled,Enabled,Paused,,,
Death - Upper,Death Certs - hhi lower 50,Responsive search ad,,Death Records for just $1, -,"Enter Name, Instant Details",,,,,,,,,,,,,,,,,,,,,,,,,,,,"Just $1 to find out who has died, their age, the cause and where. Credit Card required.", -,,,,,,,Death,Records,https://www.idlookup.ai,https://www.idlookup.ai,https://www.idlookup.ai,,,Enabled,Enabled,Enabled,,,
Death - Upper,Death Certs - hhi lower 50,Responsive search ad,,Death Records for just $1, -,"Enter Name, Instant Details",,,,,,,,,,,,,,,,,,,,,,,,,,,,"Verify Who Has Died, Their Age And Cause. Small Fee For Full Report. Credit Card Required", -,,,,,,,Death,Records,https://www.idlookup.ai,https://www.idlookup.ai,https://www.idlookup.ai,,,Enabled,Enabled,Paused,,,
Death - Upper,Death Certs - hhi lower 50,Responsive search ad,,Death Records Online, -,"Enter Name, Instant Details",,,,,,,,,,,,,,,,,,,,,,,,,,,,"Just $1 to find out who has died, their age, the cause and where. Credit Card required.", -,,,,,,,Death,Records,https://www.idlookup.ai,https://www.idlookup.ai,https://www.idlookup.ai,,,Enabled,Enabled,Enabled,,,
Death - Lower,Death Records,Responsive search ad,,Death Records and Obituaries, -,"Enter Name, Get Details",,Search Anyone For Free,,,,,,,,,,,,,,,,,,,,,,,,,,Just $1 For Death Records & Obituaries. Cheapest Price With Credit Card. 100% Satisfaction, -,"Search Free, Then Get Death Records And Obituaries. Find Out Who Died, Cause Of Death.",,,,,,Death,Records,https://www.idlookup.ai,https://www.idlookup.ai,https://www.idlookup.ai,,,Paused,Enabled,Paused,,,
Death - Lower,Death Records,Responsive search ad,,Death Records for just $1, -,"Enter Name, Instant Details",,,,,,,,,,,,,,,,,,,,,,,,,,,,"Just $1 to find out who has died, their age, the cause and where. Credit Card required.", -,,,,,,,Death,Records,https://www.idlookup.ai,https://www.idlookup.ai,https://www.idlookup.ai,,,Paused,Enabled,Paused,,,
Death - Lower,Death Records,Responsive search ad,,Death Records For Just $1, -,"Enter Name, Instant Details",,Obituaries And Cause Of Death,,,,,,,,,,,,,,,,,,,,,,,,,,Find Out How Someone Died Online. Search Death Records Free. Nationwide All States., -,"Then Just $1 For Full Report With Details, Dates, Cause Of Death. Credit Card Required",,,,,,Death,Records,https://www.idlookup.ai,https://www.idlookup.ai,https://www.idlookup.ai,,,Paused,Enabled,Paused,,,
Death - Lower,Death Records,Responsive search ad,,Death Records Online, -,"Enter Name, Instant Details",,,,,,,,,,,,,,,,,,,,,,,,,,,,"Just $1 to find out who has died, their age, the cause and where. Credit Card required.", -,,,,,,,Death,Records,https://www.idlookup.ai,https://www.idlookup.ai,https://www.idlookup.ai,,,Paused,Enabled,Paused,,,
Death - Lower,Death Records,Responsive search ad,,Death Records Online, -,"Enter Name, Instant Results",,Search Anyone For Free,,,,,,,,,,,,,,,,,,,,,,,,,,"Find Out Who Died, Their Age, Cause Of Death And When. View Death Records, Get Full Story", -,"Cheapest Price For Public Death Records. Search Free, Then Just $1 For Complete Details!",,,,,,Death,Records,https://www.idlookup.ai,https://www.idlookup.ai,https://www.idlookup.ai,,,Paused,Enabled,Enabled,,,
Death - Lower,Death Records,Responsive search ad,,Lookup Death Records, -,"Enter Name, Get Details",,Search Anyone For Free,,,,,,,,,,,,,,,,,,,,,,,,,,"Find Out Who Died, When, Their Age, Cause Of Death. Read Obituaries To Get The Full Story.", -,"Cheapest Price Obituaries & Death Records. Search Free, Then Just $1 For Complete Details!",,,,,,,,https://www.idlookup.ai,https://www.idlookup.ai,https://www.idlookup.ai,,,Paused,Enabled,Enabled,,,
Death - Lower,Death Records,Responsive search ad,,Lookup Obituary Records, -,"Enter Name, Get Details",,Search Anyone For Free,,,,,,,,,,,,,,,,,,,,,,,,,,"Find Out Who Died, Their Age, Cause Of Death And When. View Obituaries, Get The Full Story", -,"Cheapest Price For Obituary Records. Search Free, Then Just $1 For Complete Details!",,,,,,Obituary,Records,https://www.idlookup.ai,https://www.idlookup.ai,https://www.idlookup.ai,,,Paused,Enabled,Enabled,,,
Death - Lower,Death Records,Responsive search ad,,Obituaries Online, -,"Enter Name, Get Details",,Search Anyone For Free,,,,,,,,,,,,,,,,,,,,,,,,,,Just $1 For Obituaries. Cheapest Price With Credit Card. 100% Satisfaction, -,"Search Free Then Read Obituaries To Find Out Who Died, Cause Of Death, Surviving Relatives",,,,,,Obituaries,Online,https://www.idlookup.ai,https://www.idlookup.ai,https://www.idlookup.ai,,,Paused,Enabled,Paused,,,
Death - Upper,Death Records,Responsive search ad,new or updated,Death Records and Obituaries, -,"Enter Name, Instant Details",,Search Anyone For Free,,,,,,,,,,,,,,,,,,,,,,,,,,Just $1 For Death Records & Obituaries. Cheapest Price With Credit Card. 100% Satisfaction, -,"Search Free, Then Get Death Records And Obituaries. Find Out Who Died, Cause Of Death.",,,,,,Death,Records,https://www.idlookup.ai,https://www.idlookup.ai,https://www.idlookup.ai,,,Enabled,Enabled,Paused,,,
Death - Upper,Death Records,Responsive search ad,new or updated,Death Records and Obituaries, -,"Enter Name, Instant Details",,Search Anyone For Free,,,,,,,,,,,,,,,,,,,,,,,,,,Just $1 For Death Records. Cheapest Price With Credit Card. 100% Satisfaction, -,"Find Out Who Died, When Happened, Cause Of Death, Surviving Family. Fast, Accurate, Easy!",,,,,,Death,Records,https://www.idlookup.ai,https://www.idlookup.ai,https://www.idlookup.ai,,,Enabled,Enabled,Enabled,,,
Death - Upper,Death Records,Responsive search ad,,Death Records for just $1, -,"Enter Name, Instant Details",,,,,,,,,,,,,,,,,,,,,,,,,,,,"Just $1 to find out who has died, their age, the cause and where. Credit Card required.", -,,,,,,,Death,Records,https://www.idlookup.ai,https://www.idlookup.ai,https://www.idlookup.ai,,,Enabled,Enabled,Enabled,,,
Death - Upper,Death Records,Responsive search ad,,Death Records for just $1, -,"Enter Name, Instant Details",,,,,,,,,,,,,,,,,,,,,,,,,,,,"Verify Who Has Died, Their Age And Cause. Small Fee For Full Report. Credit Card Required", -,,,,,,,Death,Records,https://www.idlookup.ai,https://www.idlookup.ai,https://www.idlookup.ai,,,Enabled,Enabled,Paused,,,
Death - Upper,Death Records,Responsive search ad,,Death Records For Just $1, -,"Enter Name, Instant Details",,Obituaries And Cause Of Death,,,,,,,,,,,,,,,,,,,,,,,,,,Find Out How Someone Died Online. Search Death Records Free. Nationwide All States., -,"Then Just $1 For Full Report With Details, Dates, Cause Of Death. Credit Card Required",,,,,,Death,Records,https://www.idlookup.ai,https://www.idlookup.ai,https://www.idlookup.ai,,,Enabled,Enabled,Paused,,,
Death - Upper,Death Records,Responsive search ad,,Death Records Online, -,"Enter Name, Instant Details",,,,,,,,,,,,,,,,,,,,,,,,,,,,"Just $1 to find out who has died, their age, the cause and where. Credit Card required.", -,,,,,,,Death,Records,https://www.idlookup.ai,https://www.idlookup.ai,https://www.idlookup.ai,,,Enabled,Enabled,Paused,,,
Death - Upper,Death Records,Responsive search ad,,Death Records Online, -,Search Anyone For Free,,,,,,,,,,,,,,,,,,,,,,,,,,,,"Cheapest Price For Death Records. Search Free, Then Just $1 For Complete Details!", -,"Find Out Who Died, Their Age, Cause Of Death And When. View Death Records, Get Full Story.",,,,,,Death,Records,https://www.idlookup.ai,https://www.idlookup.ai,https://www.idlookup.ai,,,Enabled,Enabled,Enabled,,,
Death - Upper,Death Records - hhi lower 50,Responsive search ad,,Death Records for just $1, -,"Enter Name, Instant Details",,,,,,,,,,,,,,,,,,,,,,,,,,,,"Just $1 to find out who has died, their age, the cause and where. Credit Card required.", -,,,,,,,Death,Records,https://www.idlookup.ai,https://www.idlookup.ai,https://www.idlookup.ai,,,Enabled,Enabled,Enabled,,,
Death - Upper,Death Records - hhi lower 50,Responsive search ad,,Death Records for just $1, -,"Enter Name, Instant Details",,,,,,,,,,,,,,,,,,,,,,,,,,,,"Verify Who Has Died, Their Age And Cause. Small Fee For Full Report. Credit Card Required", -,,,,,,,Death,Records,https://www.idlookup.ai,https://www.idlookup.ai,https://www.idlookup.ai,,,Enabled,Enabled,Paused,,,
Death - Upper,Death Records - hhi lower 50,Responsive search ad,,Death Records Online, -,"Enter Name, Instant Details",,,,,,,,,,,,,,,,,,,,,,,,,,,,"Just $1 to find out who has died, their age, the cause and where. Credit Card required.", -,,,,,,,Death,Records,https://www.idlookup.ai,https://www.idlookup.ai,https://www.idlookup.ai,,,Enabled,Enabled,Enabled,,,
Divorce - Lower,Divorce Records,Responsive search ad,,Divorce Records for just $1, -,"Enter Name, Instant Results",,,,,,,,,,,,,,,,,,,,,,,,,,,,Just $1 to find out if they are divorced or married. Credit Card required., -,,,,,,,Divorce,Records,https://www.idlookup.ai,,,,,Paused,Enabled,Enabled,,,
Divorce - Lower,Divorce Records,Responsive search ad,new or updated,Divorce Records Online, -,"Enter Name, Instant Results",,Search Anyone For Free,,,,,,,,,,,,,,,,,,,,,,,,,,Just $1 For Divorce Records. Cheapest Price With Credit Card. 100% Satisfaction, -,"View Anyone's Divorce Records Details. You Can Get The Full Story. Fast, Easy!",,,,,,Divorce,Records,https://www.idlookup.ai,,,,,Paused,Enabled,Enabled,,,
Divorce - Lower,Divorce Records,Responsive search ad,,Divorce Records Online, -,"Enter Name, Instant Results",,,,,,,,,,,,,,,,,,,,,,,,,,,,Just $1 to find out if they are divorced or married. Credit Card required., -,,,,,,,Divorce,Records,https://www.idlookup.ai,,,,,Paused,Enabled,Enabled,,,
Divorce - Upper,Divorce Records,Responsive search ad,,Divorce Records for just $1, -,"Enter Name, Instant Results",,,,,,,,,,,,,,,,,,,,,,,,,,,,Just $1 to find out if they are divorced or married. Credit Card required., -,,,,,,,Divorce,Records,https://www.idlookup.ai,https://www.idlookup.ai,https://www.idlookup.ai,,,Paused,Enabled,Enabled,,,
Divorce - Upper,Divorce Records,Responsive search ad,new or updated,Divorce Records Online, -,"Enter Name, Instant Results",,Search Anyone For Free,,,,,,,,,,,,,,,,,,,,,,,,,,Just $1 For Divorce Records. Cheapest Price With Credit Card. 100% Satisfaction, -,"View Anyone's Divorce Records Details. You Can Get The Full Story. Fast, Easy!",,,,,,Divorce,Records,https://www.idlookup.ai,https://www.idlookup.ai,https://www.idlookup.ai,,,Paused,Enabled,Enabled,,,
Divorce - Upper,Divorce Records,Responsive search ad,,Divorce Records Online, -,"Enter Name, Instant Results",,,,,,,,,,,,,,,,,,,,,,,,,,,,Just $1 to find out if they are divorced or married. Credit Card required., -,,,,,,,Divorce,Records,https://www.idlookup.ai,https://www.idlookup.ai,https://www.idlookup.ai,,,Paused,Enabled,Enabled,,,
Divorce - Lower,Divorce Records - hhi lower 50,Responsive search ad,,Divorce Records for just $1, -,"Enter Name, Instant Results",,,,,,,,,,,,,,,,,,,,,,,,,,,,Find Out If They Are Divorced. Small Fee For Full Report. Credit Card Required., -,,,,,,,Divorce,Records,https://www.idlookup.ai,https://www.idlookup.ai,https://www.idlookup.ai,,,Enabled,Removed,Paused,,,
Divorce - Lower,Divorce Records - hhi lower 50,Responsive search ad,,Divorce Records for just $1, -,"Enter Name, Instant Results",,,,,,,,,,,,,,,,,,,,,,,,,,,,Just $1 to find out if they are divorced or married. Credit Card required., -,,,,,,,Divorce,Records,https://www.idlookup.ai,https://www.idlookup.ai,https://www.idlookup.ai,,,Enabled,Removed,Enabled,,,
Divorce - Lower,Divorce Records - hhi lower 50,Responsive search ad,,Divorce Records Online, -,"Enter Name, Instant Results",,,,,,,,,,,,,,,,,,,,,,,,,,,,Just $1 to find out if they are divorced or married. Credit Card required., -,,,,,,,Divorce,Records,https://www.idlookup.ai,https://www.idlookup.ai,https://www.idlookup.ai,,,Enabled,Removed,Enabled,,,
Divorce - Lower,Divorce Records - hhi lower 50,Responsive search ad,,Divorce Records for just $1, -,"Enter Name, Instant Results",,,,,,,,,,,,,,,,,,,,,,,,,,,,Find Out If They Are Divorced. Small Fee For Full Report. Credit Card Required., -,,,,,,,Divorce,Records,https://www.idlookup.ai,https://www.idlookup.ai,https://www.idlookup.ai,,,Paused,Enabled,Paused,,,
Divorce - Lower,Divorce Records - hhi lower 50,Responsive search ad,,Divorce Records for just $1, -,"Enter Name, Instant Results",,,,,,,,,,,,,,,,,,,,,,,,,,,,Just $1 to find out if they are divorced or married. Credit Card required., -,,,,,,,Divorce,Records,https://www.idlookup.ai,https://www.idlookup.ai,https://www.idlookup.ai,,,Paused,Enabled,Enabled,,,
Divorce - Lower,Divorce Records - hhi lower 50,Responsive search ad,,Divorce Records Online, -,"Enter Name, Instant Results",,,,,,,,,,,,,,,,,,,,,,,,,,,,Just $1 to find out if they are divorced or married. Credit Card required., -,,,,,,,Divorce,Records,https://www.idlookup.ai,https://www.idlookup.ai,https://www.idlookup.ai,,,Paused,Enabled,Enabled,,,
Divorce - Upper,Divorce Records - HHI UPPER 50,Responsive search ad,,Divorce Records for just $1, -,"Enter Name, Instant Results",,,,,,,,,,,,,,,,,,,,,,,,,,,,Find Out If They Are Divorced. Small Fee For Full Report. Credit Card Required., -,,,,,,,Divorce,Records,https://www.idlookup.ai,https://www.idlookup.ai,https://www.idlookup.ai,,,Enabled,Removed,Paused,,,
Divorce - Upper,Divorce Records - HHI UPPER 50,Responsive search ad,,Divorce Records for just $1, -,"Enter Name, Instant Results",,,,,,,,,,,,,,,,,,,,,,,,,,,,Just $1 to find out if they are divorced or married. Credit Card required., -,,,,,,,Divorce,Records,https://www.idlookup.ai,https://www.idlookup.ai,https://www.idlookup.ai,,,Enabled,Removed,Enabled,,,
Divorce - Upper,Divorce Records - HHI UPPER 50,Responsive search ad,,Divorce Records Online, -,"Enter Name, Instant Results",,,,,,,,,,,,,,,,,,,,,,,,,,,,Just $1 to find out if they are divorced or married. Credit Card required., -,,,,,,,Divorce,Records,https://www.idlookup.ai,https://www.idlookup.ai,https://www.idlookup.ai,,,Enabled,Removed,Enabled,,,
Divorce - Upper,Divorce Records - HHI UPPER 50,Responsive search ad,,Divorce Records for just $1, -,"Enter Name, Instant Results",,,,,,,,,,,,,,,,,,,,,,,,,,,,Find Out If They Are Divorced. Small Fee For Full Report. Credit Card Required., -,,,,,,,Divorce,Records,https://www.idlookup.ai,https://www.idlookup.ai,https://www.idlookup.ai,,,Paused,Enabled,Paused,,,
Divorce - Upper,Divorce Records - HHI UPPER 50,Responsive search ad,,Divorce Records for just $1, -,"Enter Name, Instant Results",,,,,,,,,,,,,,,,,,,,,,,,,,,,Just $1 to find out if they are divorced or married. Credit Card required., -,,,,,,,Divorce,Records,https://www.idlookup.ai,https://www.idlookup.ai,https://www.idlookup.ai,,,Paused,Enabled,Enabled,,,
Divorce - Upper,Divorce Records - HHI UPPER 50,Responsive search ad,,Divorce Records Online, -,"Enter Name, Instant Results",,,,,,,,,,,,,,,,,,,,,,,,,,,,Just $1 to find out if they are divorced or married. Credit Card required., -,,,,,,,Divorce,Records,https://www.idlookup.ai,https://www.idlookup.ai,https://www.idlookup.ai,,,Paused,Enabled,Enabled,,,
Inmates - Upper,Inmate Search (PR),Responsive search ad,,Inmate Locater and Search, -,"Enter A Name, Instant Results",,Search Jails Nationwide Free,,,,,,,,,,,,,,,,,,,,,,,,,,Find Out If Someone Is In Jail Now. Search Federal And State Jail Records., -,See Pictures Of Inmates In Custody. Just $1.00 To See. Credit Card Required.,,,,,,Inmate,Search,https://www.idlookup.ai,https://www.idlookup.ai,https://www.idlookup.ai,,,Enabled,Enabled,Enabled,,,
Inmates - Upper,Inmate Search (PR),Responsive search ad,,Inmate Search and Lookup, -,"Enter A Name, Instant Results",,,,,,,,,,,,,,,,,,,,,,,,,,,,"Get Prison, Jail, Arrest, DUI Public Records. Small Fee. Credit Card Required.", -,,,,,,,Inmate,Search,https://www.idlookup.ai,https://www.idlookup.ai,https://www.idlookup.ai,,,Enabled,Enabled,Paused,,,
Inmates - Upper,Inmate Search (PR),Responsive search ad,,Inmate Search and Lookup, -,"Enter A Name, Instant Results",,100% Satisfaction Guarantee,,,,,,,,,,,,,,,,,,,,,,,,,,Lookup Inmate Records with Mugshots. Small Fee. Cheapest Price With Credit Card. Try Now!, -,,,,,,,Inmate,Search,https://www.idlookup.ai,https://www.idlookup.ai,https://www.idlookup.ai,,,Enabled,Enabled,Enabled,,,
Inmates - Upper,Inmate Search (PR),Responsive search ad,,Inmate Search for just $1, -,"Enter A Name, Instant Results",,,,,,,,,,,,,,,,,,,,,,,,,,,,"Get Prison, Jail, Arrest, DUI Public Records. Pay $1 For Full Report. Credit Card Required", -,,,,,,,Inmate,Search,https://www.idlookup.ai,https://www.idlookup.ai,https://www.idlookup.ai,,,Enabled,Enabled,Paused,,,
Inmates - Upper,Jail,Responsive search ad,,Inmate Search for just $1, -,"Enter A Name, Instant Results",,,,,,,,,,,,,,,,,,,,,,,,,,,,"Pay $1 For Jail, Prison, Arrest, DUI Public Records. Credit Card Required.", -,,,,,,,Inmate,Search,https://www.idlookup.ai,https://www.idlookup.ai,https://www.idlookup.ai,,,Enabled,Enabled,Paused,,,
Inmates - Upper,Jail,Responsive search ad,,Jail and Prison Inmate Search, -,"Enter A Name, Instant Results",,,,,,,,,,,,,,,,,,,,,,,,,,,,"Get Prison, Jail, Arrest, DUI Public Records. Small Fee. Credit Card Required.", -,,,,,,,Inmate,Search,https://www.idlookup.ai,https://www.idlookup.ai,https://www.idlookup.ai,,,Enabled,Enabled,Paused,,,
Inmates - Upper,Jail,Responsive search ad,,Jail and Prison Inmate Search, -,"Enter A Name, Instant Results",,Search Anyone For Free,,,,,,,,,,,,,,,,,,,,,,,,,,"Just $1 For Prison, Jail, Arrest, DUI Public Records. Credit Card Required. Full Details!", -,,,,,,,Inmate,Search,https://www.idlookup.ai,https://www.idlookup.ai,https://www.idlookup.ai,,,Enabled,Enabled,Enabled,,,
Divorce - Lower,Marriage Certs - hhi lower 50,Responsive search ad,,Marriage Records for just $1, -,"Enter Name, Instant Results",,,,,,,,,,,,,,,,,,,,,,,,,,,,Find Out If They Are Married. Small Fee For Full Report. Credit Card Required., -,,,,,,,Marriage,Records,https://www.idlookup.ai,https://www.idlookup.ai,https://www.idlookup.ai,,,Enabled,Removed,Paused,,,
Divorce - Lower,Marriage Certs - hhi lower 50,Responsive search ad,,Marriage Records for just $1, -,"Enter Name, Instant Results",,,,,,,,,,,,,,,,,,,,,,,,,,,,Just $1 to find out if they are married. Credit Card required. Get the truth., -,,,,,,,Marriage,Records,https://www.idlookup.ai,https://www.idlookup.ai,https://www.idlookup.ai,,,Enabled,Removed,Enabled,,,
Divorce - Lower,Marriage Certs - hhi lower 50,Responsive search ad,,Marriage Records Online, -,"Enter Name, Instant Results",,,,,,,,,,,,,,,,,,,,,,,,,,,,"Just $1 to get marriage records, licenses and certificates. Credit Card required. Easy!", -,,,,,,,Marriage,Records,https://www.idlookup.ai,https://www.idlookup.ai,https://www.idlookup.ai,,,Enabled,Removed,Enabled,,,
Divorce - Lower,Marriage Certs - hhi lower 50,Responsive search ad,,Search For {Keyword:Marriage Records}, -,Just Enter Name & Select State,,,,,,,,,,,,,,,,,,,,,,,,,,,,Find Out If They Are Married. Small Fee For Full Report. Credit Card Required., -,,,,,,,Marriage,Records,https://www.idlookup.ai,https://www.idlookup.ai,https://www.idlookup.ai,,,Enabled,Removed,Paused,,,
Divorce - Lower,Marriage Certs - hhi lower 50,Responsive search ad,,Marriage Records for just $1, -,"Enter Name, Instant Results",,,,,,,,,,,,,,,,,,,,,,,,,,,,Find Out If They Are Married. Small Fee For Full Report. Credit Card Required., -,,,,,,,Marriage,Records,https://www.idlookup.ai,https://www.idlookup.ai,https://www.idlookup.ai,,,Paused,Enabled,Paused,,,
Divorce - Lower,Marriage Certs - hhi lower 50,Responsive search ad,,Marriage Records for just $1, -,"Enter Name, Instant Results",,,,,,,,,,,,,,,,,,,,,,,,,,,,Just $1 to find out if they are married. Credit Card required. Get the truth., -,,,,,,,Marriage,Records,https://www.idlookup.ai,https://www.idlookup.ai,https://www.idlookup.ai,,,Paused,Enabled,Enabled,,,
Divorce - Lower,Marriage Certs - hhi lower 50,Responsive search ad,,Marriage Records Online, -,"Enter Name, Instant Results",,,,,,,,,,,,,,,,,,,,,,,,,,,,"Just $1 to get marriage records, licenses and certificates. Credit Card required. Easy!", -,,,,,,,Marriage,Records,https://www.idlookup.ai,https://www.idlookup.ai,https://www.idlookup.ai,,,Paused,Enabled,Enabled,,,
Divorce - Lower,Marriage Certs - hhi lower 50,Responsive search ad,,Search For {Keyword:Marriage Records}, -,Just Enter Name & Select State,,,,,,,,,,,,,,,,,,,,,,,,,,,,Find Out If They Are Married. Small Fee For Full Report. Credit Card Required., -,,,,,,,Marriage,Records,https://www.idlookup.ai,https://www.idlookup.ai,https://www.idlookup.ai,,,Paused,Enabled,Paused,,,
Divorce - Upper,Marriage Certs - HHI UPPER 50,Responsive search ad,,Marriage Records for just $1, -,"Enter Name, Instant Results",,,,,,,,,,,,,,,,,,,,,,,,,,,,Find Out If They Are Married. Small Fee For Full Report. Credit Card Required., -,,,,,,,Marriage,Records,https://www.idlookup.ai,https://www.idlookup.ai,https://www.idlookup.ai,,,Enabled,Removed,Paused,,,
Divorce - Upper,Marriage Certs - HHI UPPER 50,Responsive search ad,,Marriage Records for just $1, -,"Enter Name, Instant Results",,,,,,,,,,,,,,,,,,,,,,,,,,,,Just $1 to find out if they are married. Credit Card required. Get the truth., -,,,,,,,Marriage,Records,https://www.idlookup.ai,https://www.idlookup.ai,https://www.idlookup.ai,,,Enabled,Removed,Enabled,,,
Divorce - Upper,Marriage Certs - HHI UPPER 50,Responsive search ad,,Marriage Records Online, -,"Enter Name, Instant Results",,,,,,,,,,,,,,,,,,,,,,,,,,,,"Just $1 to get marriage records, licenses and certificates. Credit Card required. Easy!", -,,,,,,,Marriage,Records,https://www.idlookup.ai,https://www.idlookup.ai,https://www.idlookup.ai,,,Enabled,Removed,Enabled,,,
Divorce - Upper,Marriage Certs - HHI UPPER 50,Responsive search ad,,Search For {Keyword:Marriage Records}, -,Just Enter Name & Select State,,,,,,,,,,,,,,,,,,,,,,,,,,,,Find Out If They Are Married. Small Fee For Full Report. Credit Card Required., -,,,,,,,Marriage,Records,https://www.idlookup.ai,https://www.idlookup.ai,https://www.idlookup.ai,,,Enabled,Removed,Paused,,,
Divorce - Upper,Marriage Certs - HHI UPPER 50,Responsive search ad,,Marriage Records for just $1, -,"Enter Name, Instant Results",,,,,,,,,,,,,,,,,,,,,,,,,,,,Find Out If They Are Married. Small Fee For Full Report. Credit Card Required., -,,,,,,,Marriage,Records,https://www.idlookup.ai,https://www.idlookup.ai,https://www.idlookup.ai,,,Paused,Enabled,Paused,,,
Divorce - Upper,Marriage Certs - HHI UPPER 50,Responsive search ad,,Marriage Records for just $1, -,"Enter Name, Instant Results",,,,,,,,,,,,,,,,,,,,,,,,,,,,Just $1 to find out if they are married. Credit Card required. Get the truth., -,,,,,,,Marriage,Records,https://www.idlookup.ai,https://www.idlookup.ai,https://www.idlookup.ai,,,Paused,Enabled,Enabled,,,
Divorce - Upper,Marriage Certs - HHI UPPER 50,Responsive search ad,,Marriage Records Online, -,"Enter Name, Instant Results",,,,,,,,,,,,,,,,,,,,,,,,,,,,"Just $1 to get marriage records, licenses and certificates. Credit Card required. Easy!", -,,,,,,,Marriage,Records,https://www.idlookup.ai,https://www.idlookup.ai,https://www.idlookup.ai,,,Paused,Enabled,Enabled,,,
Divorce - Upper,Marriage Certs - HHI UPPER 50,Responsive search ad,,Search For {Keyword:Marriage Records}, -,Just Enter Name & Select State,,,,,,,,,,,,,,,,,,,,,,,,,,,,Find Out If They Are Married. Small Fee For Full Report. Credit Card Required., -,,,,,,,Marriage,Records,https://www.idlookup.ai,https://www.idlookup.ai,https://www.idlookup.ai,,,Paused,Enabled,Paused,,,
Divorce - Lower,Marriage Licenses - hhi lower 50,Responsive search ad,,Marriage Records for just $1, -,"Enter Name, Instant Results",,,,,,,,,,,,,,,,,,,,,,,,,,,,Find Out If They Are Married. Small Fee For Full Report. Credit Card Required., -,,,,,,,Marriage,Records,https://www.idlookup.ai,https://www.idlookup.ai,https://www.idlookup.ai,,,Enabled,Removed,Paused,,,
Divorce - Lower,Marriage Licenses - hhi lower 50,Responsive search ad,,Marriage Records for just $1, -,"Enter Name, Instant Results",,,,,,,,,,,,,,,,,,,,,,,,,,,,Just $1 to find out if they are married. Credit Card required. Get the truth., -,,,,,,,Marriage,Records,https://www.idlookup.ai,https://www.idlookup.ai,https://www.idlookup.ai,,,Enabled,Removed,Enabled,,,
Divorce - Lower,Marriage Licenses - hhi lower 50,Responsive search ad,,Marriage Records Online, -,"Enter Name, Instant Results",,,,,,,,,,,,,,,,,,,,,,,,,,,,"Just $1 to get marriage records, licenses and certificates. Credit Card required. Easy!", -,,,,,,,Marriage,Records,https://www.idlookup.ai,https://www.idlookup.ai,https://www.idlookup.ai,,,Enabled,Removed,Enabled,,,
Divorce - Lower,Marriage Licenses - hhi lower 50,Responsive search ad,,Search For {Keyword:Marriage Records}, -,Just Enter Name & Select State,,,,,,,,,,,,,,,,,,,,,,,,,,,,Find Out If They Are Married. Small Fee For Full Report. Credit Card Required., -,,,,,,,Marriage,Records,https://www.idlookup.ai,https://www.idlookup.ai,https://www.idlookup.ai,,,Enabled,Removed,Paused,,,
Divorce - Lower,Marriage Licenses - hhi lower 50,Responsive search ad,,Marriage Records for just $1, -,"Enter Name, Instant Results",,,,,,,,,,,,,,,,,,,,,,,,,,,,Find Out If They Are Married. Small Fee For Full Report. Credit Card Required., -,,,,,,,Marriage,Records,https://www.idlookup.ai,https://www.idlookup.ai,https://www.idlookup.ai,,,Paused,Enabled,Paused,,,
Divorce - Lower,Marriage Licenses - hhi lower 50,Responsive search ad,,Marriage Records for just $1, -,"Enter Name, Instant Results",,,,,,,,,,,,,,,,,,,,,,,,,,,,Just $1 to find out if they are married. Credit Card required. Get the truth., -,,,,,,,Marriage,Records,https://www.idlookup.ai,https://www.idlookup.ai,https://www.idlookup.ai,,,Paused,Enabled,Enabled,,,
Divorce - Lower,Marriage Licenses - hhi lower 50,Responsive search ad,,Marriage Records Online, -,"Enter Name, Instant Results",,,,,,,,,,,,,,,,,,,,,,,,,,,,"Just $1 to get marriage records, licenses and certificates. Credit Card required. Easy!", -,,,,,,,Marriage,Records,https://www.idlookup.ai,https://www.idlookup.ai,https://www.idlookup.ai,,,Paused,Enabled,Enabled,,,
Divorce - Lower,Marriage Licenses - hhi lower 50,Responsive search ad,,Search For {Keyword:Marriage Records}, -,Just Enter Name & Select State,,,,,,,,,,,,,,,,,,,,,,,,,,,,Find Out If They Are Married. Small Fee For Full Report. Credit Card Required., -,,,,,,,Marriage,Records,https://www.idlookup.ai,https://www.idlookup.ai,https://www.idlookup.ai,,,Paused,Enabled,Paused,,,
Divorce - Upper,Marriage Licenses - HHI UPPER 50,Responsive search ad,,Marriage Records for just $1, -,"Enter Name, Instant Results",,,,,,,,,,,,,,,,,,,,,,,,,,,,Find Out If They Are Married. Small Fee For Full Report. Credit Card Required., -,,,,,,,Marriage,Records,https://www.idlookup.ai,https://www.idlookup.ai,https://www.idlookup.ai,,,Enabled,Removed,Paused,,,
Divorce - Upper,Marriage Licenses - HHI UPPER 50,Responsive search ad,,Marriage Records for just $1, -,"Enter Name, Instant Results",,,,,,,,,,,,,,,,,,,,,,,,,,,,Just $1 to find out if they are married. Credit Card required. Get the truth., -,,,,,,,Marriage,Records,https://www.idlookup.ai,https://www.idlookup.ai,https://www.idlookup.ai,,,Enabled,Removed,Enabled,,,
Divorce - Upper,Marriage Licenses - HHI UPPER 50,Responsive search ad,,Marriage Records Online, -,"Enter Name, Instant Results",,,,,,,,,,,,,,,,,,,,,,,,,,,,"Just $1 to get marriage records, licenses and certificates. Credit Card required. Easy!", -,,,,,,,Marriage,Records,https://www.idlookup.ai,https://www.idlookup.ai,https://www.idlookup.ai,,,Enabled,Removed,Enabled,,,
Divorce - Upper,Marriage Licenses - HHI UPPER 50,Responsive search ad,,Search For {Keyword:Marriage Records}, -,Just Enter Name & Select State,,,,,,,,,,,,,,,,,,,,,,,,,,,,Find Out If They Are Married. Small Fee For Full Report. Credit Card Required., -,,,,,,,Marriage,Records,https://www.idlookup.ai,https://www.idlookup.ai,https://www.idlookup.ai,,,Enabled,Removed,Paused,,,
Divorce - Upper,Marriage Licenses - HHI UPPER 50,Responsive search ad,,Marriage Records for just $1, -,"Enter Name, Instant Results",,,,,,,,,,,,,,,,,,,,,,,,,,,,Find Out If They Are Married. Small Fee For Full Report. Credit Card Required., -,,,,,,,Marriage,Records,https://www.idlookup.ai,https://www.idlookup.ai,https://www.idlookup.ai,,,Paused,Enabled,Paused,,,
Divorce - Upper,Marriage Licenses - HHI UPPER 50,Responsive search ad,,Marriage Records for just $1, -,"Enter Name, Instant Results",,,,,,,,,,,,,,,,,,,,,,,,,,,,Just $1 to find out if they are married. Credit Card required. Get the truth., -,,,,,,,Marriage,Records,https://www.idlookup.ai,https://www.idlookup.ai,https://www.idlookup.ai,,,Paused,Enabled,Enabled,,,
Divorce - Upper,Marriage Licenses - HHI UPPER 50,Responsive search ad,,Marriage Records Online, -,"Enter Name, Instant Results",,,,,,,,,,,,,,,,,,,,,,,,,,,,"Just $1 to get marriage records, licenses and certificates. Credit Card required. Easy!", -,,,,,,,Marriage,Records,https://www.idlookup.ai,https://www.idlookup.ai,https://www.idlookup.ai,,,Paused,Enabled,Enabled,,,
Divorce - Upper,Marriage Licenses - HHI UPPER 50,Responsive search ad,,Search For {Keyword:Marriage Records}, -,Just Enter Name & Select State,,,,,,,,,,,,,,,,,,,,,,,,,,,,Find Out If They Are Married. Small Fee For Full Report. Credit Card Required., -,,,,,,,Marriage,Records,https://www.idlookup.ai,https://www.idlookup.ai,https://www.idlookup.ai,,,Paused,Enabled,Paused,,,
Divorce - Lower,Marriage Records - hhi lower 50,Responsive search ad,,Marriage Records for just $1, -,"Enter Name, Instant Results",,,,,,,,,,,,,,,,,,,,,,,,,,,,Find Out If They Are Married. Small Fee For Full Report. Credit Card Required., -,,,,,,,Marriage,Records,https://www.idlookup.ai,https://www.idlookup.ai,https://www.idlookup.ai,,,Enabled,Removed,Paused,,,
Divorce - Lower,Marriage Records - hhi lower 50,Responsive search ad,,Marriage Records for just $1, -,"Enter Name, Instant Results",,,,,,,,,,,,,,,,,,,,,,,,,,,,Just $1 to find out if they are married. Credit Card required. Get the truth., -,,,,,,,Marriage,Records,https://www.idlookup.ai,https://www.idlookup.ai,https://www.idlookup.ai,,,Enabled,Removed,Enabled,,,
Divorce - Lower,Marriage Records - hhi lower 50,Responsive search ad,,Marriage Records Online, -,"Enter Name, Instant Results",,,,,,,,,,,,,,,,,,,,,,,,,,,,"Just $1 to get marriage records, licenses and certificates. Credit Card required. Easy!", -,,,,,,,Marriage,Records,https://www.idlookup.ai,https://www.idlookup.ai,https://www.idlookup.ai,,,Enabled,Removed,Enabled,,,
Divorce - Lower,Marriage Records - hhi lower 50,Responsive search ad,,Search For {Keyword:Marriage Records}, -,Just Enter Name & Select State,,,,,,,,,,,,,,,,,,,,,,,,,,,,Find Out If They Are Married. Small Fee For Full Report. Credit Card Required., -,,,,,,,Marriage,Records,https://www.idlookup.ai,https://www.idlookup.ai,https://www.idlookup.ai,,,Enabled,Removed,Paused,,,
Divorce - Lower,Marriage Records - hhi lower 50,Responsive search ad,,Marriage Records for just $1, -,"Enter Name, Instant Results",,,,,,,,,,,,,,,,,,,,,,,,,,,,Find Out If They Are Married. Small Fee For Full Report. Credit Card Required., -,,,,,,,Marriage,Records,https://www.idlookup.ai,https://www.idlookup.ai,https://www.idlookup.ai,,,Paused,Enabled,Paused,,,
Divorce - Lower,Marriage Records - hhi lower 50,Responsive search ad,,Marriage Records for just $1, -,"Enter Name, Instant Results",,,,,,,,,,,,,,,,,,,,,,,,,,,,Just $1 to find out if they are married. Credit Card required. Get the truth., -,,,,,,,Marriage,Records,https://www.idlookup.ai,https://www.idlookup.ai,https://www.idlookup.ai,,,Paused,Enabled,Enabled,,,
Divorce - Lower,Marriage Records - hhi lower 50,Responsive search ad,,Marriage Records Online, -,"Enter Name, Instant Results",,,,,,,,,,,,,,,,,,,,,,,,,,,,"Just $1 to get marriage records, licenses and certificates. Credit Card required. Easy!", -,,,,,,,Marriage,Records,https://www.idlookup.ai,https://www.idlookup.ai,https://www.idlookup.ai,,,Paused,Enabled,Enabled,,,
Divorce - Lower,Marriage Records - hhi lower 50,Responsive search ad,,Search For {Keyword:Marriage Records}, -,Just Enter Name & Select State,,,,,,,,,,,,,,,,,,,,,,,,,,,,Find Out If They Are Married. Small Fee For Full Report. Credit Card Required., -,,,,,,,Marriage,Records,https://www.idlookup.ai,https://www.idlookup.ai,https://www.idlookup.ai,,,Paused,Enabled,Paused,,,
Divorce - Upper,Marriage Records - HHI UPPER 50,Responsive search ad,,Marriage Records for just $1, -,"Enter Name, Instant Results",,,,,,,,,,,,,,,,,,,,,,,,,,,,Find Out If They Are Married. Small Fee For Full Report. Credit Card Required., -,,,,,,,Marriage,Records,https://www.idlookup.ai,https://www.idlookup.ai,https://www.idlookup.ai,,,Enabled,Removed,Paused,,,
Divorce - Upper,Marriage Records - HHI UPPER 50,Responsive search ad,,Marriage Records for just $1, -,"Enter Name, Instant Results",,,,,,,,,,,,,,,,,,,,,,,,,,,,Just $1 to find out if they are married. Credit Card required. Get the truth., -,,,,,,,Marriage,Records,https://www.idlookup.ai,https://www.idlookup.ai,https://www.idlookup.ai,,,Enabled,Removed,Enabled,,,
Divorce - Upper,Marriage Records - HHI UPPER 50,Responsive search ad,,Marriage Records Online, -,"Enter Name, Instant Results",,,,,,,,,,,,,,,,,,,,,,,,,,,,"Just $1 to get marriage records, licenses and certificates. Credit Card required. Easy!", -,,,,,,,Marriage,Records,https://www.idlookup.ai,https://www.idlookup.ai,https://www.idlookup.ai,,,Enabled,Removed,Enabled,,,
Divorce - Upper,Marriage Records - HHI UPPER 50,Responsive search ad,,Search For {Keyword:Marriage Records}, -,Just Enter Name & Select State,,,,,,,,,,,,,,,,,,,,,,,,,,,,Find Out If They Are Married. Small Fee For Full Report. Credit Card Required., -,,,,,,,Marriage,Records,https://www.idlookup.ai,https://www.idlookup.ai,https://www.idlookup.ai,,,Enabled,Removed,Paused,,,
Divorce - Upper,Marriage Records - HHI UPPER 50,Responsive search ad,,Marriage Records for just $1, -,"Enter Name, Instant Results",,,,,,,,,,,,,,,,,,,,,,,,,,,,Find Out If They Are Married. Small Fee For Full Report. Credit Card Required., -,,,,,,,Marriage,Records,https://www.idlookup.ai,https://www.idlookup.ai,https://www.idlookup.ai,,,Paused,Enabled,Paused,,,
Divorce - Upper,Marriage Records - HHI UPPER 50,Responsive search ad,,Marriage Records for just $1, -,"Enter Name, Instant Results",,,,,,,,,,,,,,,,,,,,,,,,,,,,Just $1 to find out if they are married. Credit Card required. Get the truth., -,,,,,,,Marriage,Records,https://www.idlookup.ai,https://www.idlookup.ai,https://www.idlookup.ai,,,Paused,Enabled,Enabled,,,
Divorce - Upper,Marriage Records - HHI UPPER 50,Responsive search ad,,Marriage Records Online, -,"Enter Name, Instant Results",,,,,,,,,,,,,,,,,,,,,,,,,,,,"Just $1 to get marriage records, licenses and certificates. Credit Card required. Easy!", -,,,,,,,Marriage,Records,https://www.idlookup.ai,https://www.idlookup.ai,https://www.idlookup.ai,,,Paused,Enabled,Enabled,,,
Divorce - Upper,Marriage Records - HHI UPPER 50,Responsive search ad,,Search For {Keyword:Marriage Records}, -,Just Enter Name & Select State,,,,,,,,,,,,,,,,,,,,,,,,,,,,Find Out If They Are Married. Small Fee For Full Report. Credit Card Required., -,,,,,,,Marriage,Records,https://www.idlookup.ai,https://www.idlookup.ai,https://www.idlookup.ai,,,Paused,Enabled,Paused,,,
Inmates - Upper,Mugshots,Responsive search ad,,Inmate Mugshots for just $1, -,"Enter A Name, Instant Results",,,,,,,,,,,,,,,,,,,,,,,,,,,,"Pay Just $1 For Prison, Jail, Arrest, DUI Public Records. Credit Card Required.", -,,,,,,,Mugshot,Search,https://www.idlookup.ai,https://www.idlookup.ai,https://www.idlookup.ai,,,Enabled,Enabled,Paused,,,
Inmates - Upper,Mugshots,Responsive search ad,,Mugshots Search, -,"Enter A Name, Instant Results",,Just $1 Mugshots Of Inmates,,,,,,,,,,,,,,,,,,,,,,,,,,"Get Inmate Mugshots from Jail, Prison, DUI Public Records. Search For Free, Then Low Fee", -,"Just $1 For Full Details, Credit Card Required. Search Anyone Free, Local, State, Federal.",,,,,,Mugshot,Search,https://www.idlookup.ai,https://www.idlookup.ai,https://www.idlookup.ai,,,Enabled,Enabled,Enabled,,,
Inmates - Upper,Mugshots,Responsive search ad,,Search Mugshots of Inmates, -,"Enter A Name, Instant Results",,,,,,,,,,,,,,,,,,,,,,,,,,,,"Get Prison, Jail, Arrest, DUI Public Records. Small Fee. Credit Card Required.", -,,,,,,,Mugshot,Search,https://www.idlookup.ai,https://www.idlookup.ai,https://www.idlookup.ai,,,Enabled,Enabled,Paused,,,
Inmates - Upper,Prison,Responsive search ad,,Inmate Search for just $1, -,"Enter A Name, Instant Results",,,,,,,,,,,,,,,,,,,,,,,,,,,,"Pay $1 For Prison, Jail, Arrest, DUI Public Records. Credit Card Required.", -,,,,,,,Inmate,Search,https://www.idlookup.ai,https://www.idlookup.ai,https://www.idlookup.ai,,,Enabled,Enabled,Paused,,,
Inmates - Upper,Prison,Responsive search ad,,Jail and Prison Inmate Search, -,"Enter A Name, Instant Results",,,,,,,,,,,,,,,,,,,,,,,,,,,,"Get Prison, Jail, Arrest, DUI Public Records. Small Fee. Credit Card Required.", -,,,,,,,Inmate,Search,https://www.idlookup.ai,https://www.idlookup.ai,https://www.idlookup.ai,,,Enabled,Enabled,Paused,,,
Inmates - Upper,Prison,Responsive search ad,,Prison and Jail Inmate Search, -,"Enter A Name, Instant Results",,Search Anyone For Free,,,,,,,,,,,,,,,,,,,,,,,,,,"Just $1 For Prison, Jail, Arrest, DUI Public Records. Credit Card Required. Full Details!", -,,,,,,,Inmate,Search,https://www.idlookup.ai,https://www.idlookup.ai,https://www.idlookup.ai,,,Enabled,Enabled,Enabled,,,