Row Type,Campaign,Campaign Status,Campaign Type,Networks,Daily Budget,Budget Type,Bid Strategy Type,Target CPA,Ad Group,Ad Group Status,Max CPC,Keyword,Match Type,Status,Headline 1,Headline 2,Headline 3,Headline 4,Headline 5,Headline 6,Headline 7,Headline 8,Headline 9,Headline 10,Headline 11,Headline 12,Headline 13,Headline 14,Headline 15,Description 1,Description 2,Description 3,Description 4,Final URL,Path 1,Path 2
Campaign,IDL - People Search Free,Paused,Search,Google Search,50,Daily,Maximize conversions,20,,,,,,,,,,,,,,,,,,,,,,,,,,https://idlookup.ai/name/landing/v11?shns=1,,
Ad group,IDL - People Search Free,Paused,Search,Google Search,50,Daily,Maximize conversions,20,People Search Free,Paused,1.50,,,,,,,,,,,,,,,,,,,,,,,https://idlookup.ai/name/landing/v11?shns=1,,
Ad group,IDL - People Search Free,Paused,Search,Google Search,50,Daily,Maximize conversions,20,Find People Free,Paused,1.50,,,,,,,,,,,,,,,,,,,,,,,https://idlookup.ai/name/landing/v11?shns=1,,
Keyword,IDL - People Search Free,Paused,Search,Google Search,50,Daily,Maximize conversions,20,People Search Free,Paused,1.50,people search free,Exact,Paused,,,,,,,,,,,,,,,,,,,,,,
Keyword,IDL - People Search Free,Paused,Search,Google Search,50,Daily,Maximize conversions,20,People Search Free,Paused,1.50,free people search,Exact,Paused,,,,,,,,,,,,,,,,,,,,,,
Keyword,IDL - People Search Free,Paused,Search,Google Search,50,Daily,Maximize conversions,20,People Search Free,Paused,1.50,people search free,Phrase,Paused,,,,,,,,,,,,,,,,,,,,,,
Keyword,IDL - People Search Free,Paused,Search,Google Search,50,Daily,Maximize conversions,20,People Search Free,Paused,1.50,free people search,Phrase,Paused,,,,,,,,,,,,,,,,,,,,,,
Keyword,IDL - People Search Free,Paused,Search,Google Search,50,Daily,Maximize conversions,20,People Search Free,Paused,1.50,people lookup free,Exact,Paused,,,,,,,,,,,,,,,,,,,,,,
Keyword,IDL - People Search Free,Paused,Search,Google Search,50,Daily,Maximize conversions,20,People Search Free,Paused,1.50,people lookup free,Phrase,Paused,,,,,,,,,,,,,,,,,,,,,,
Keyword,IDL - People Search Free,Paused,Search,Google Search,50,Daily,Maximize conversions,20,People Search Free,Paused,1.50,look up people for free,Exact,Paused,,,,,,,,,,,,,,,,,,,,,,
Keyword,IDL - People Search Free,Paused,Search,Google Search,50,Daily,Maximize conversions,20,People Search Free,Paused,1.50,people search free public records,Exact,Paused,,,,,,,,,,,,,,,,,,,,,,
Keyword,IDL - People Search Free,Paused,Search,Google Search,50,Daily,Maximize conversions,20,Find People Free,Paused,1.50,find people for free,Phrase,Paused,,,,,,,,,,,,,,,,,,,,,,
Keyword,IDL - People Search Free,Paused,Search,Google Search,50,Daily,Maximize conversions,20,Find People Free,Paused,1.50,find people free,Phrase,Paused,,,,,,,,,,,,,,,,,,,,,,
Keyword,IDL - People Search Free,Paused,Search,Google Search,50,Daily,Maximize conversions,20,Find People Free,Paused,1.50,find people for free,Exact,Paused,,,,,,,,,,,,,,,,,,,,,,
Keyword,IDL - People Search Free,Paused,Search,Google Search,50,Daily,Maximize conversions,20,Find People Free,Paused,1.50,free people finder,Exact,Paused,,,,,,,,,,,,,,,,,,,,,,
Keyword,IDL - People Search Free,Paused,Search,Google Search,50,Daily,Maximize conversions,20,Find People Free,Paused,1.50,people finder free,Exact,Paused,,,,,,,,,,,,,,,,,,,,,,
Keyword,IDL - People Search Free,Paused,Search,Google Search,50,Daily,Maximize conversions,20,Find People Free,Paused,1.50,how to find someone for free,Exact,Paused,,,,,,,,,,,,,,,,,,,,,,
Keyword,IDL - People Search Free,Paused,Search,Google Search,50,Daily,Maximize conversions,20,Find People Free,Paused,1.50,free search for people,Phrase,Paused,,,,,,,,,,,,,,,,,,,,,,
Keyword,IDL - People Search Free,Paused,Search,Google Search,50,Daily,Maximize conversions,20,Find People Free,Paused,1.50,peoplefinders free,Exact,Paused,,,,,,,,,,,,,,,,,,,,,,
Responsive search ad,IDL - People Search Free,Paused,Search,Google Search,50,Daily,Maximize conversions,20,People Search Free,Paused,1.50,,,Paused,Free People Search,Search By Name,Find Contact Info,People Lookup Online,Fast Name Search,IDLookup.ai,,,,,,,,,,Search by name and view available public record details in one place.,Start with a name to find possible addresses phone numbers and more.,,,https://idlookup.ai/name/landing/v11?shns=1,people-search,name
Responsive search ad,IDL - People Search Free,Paused,Search,Google Search,50,Daily,Maximize conversions,20,People Search Free,Paused,1.50,,,Paused,People Search By Name,Find Someone Online,Search Public Records,Lookup Contact Info,Simple Name Search,IDLookup.ai,,,,,,,,,,Use IDLookup.ai to search available people data by name.,Find possible contact details and public records from a simple name search.,,,https://idlookup.ai/name/landing/v11?shns=1,people-search,lookup
Responsive search ad,IDL - People Search Free,Paused,Search,Google Search,50,Daily,Maximize conversions,20,Find People Free,Paused,1.50,,,Paused,Find People Online,Search By Full Name,Find Someone Fast,People Finder Search,View Available Records,IDLookup.ai,,,,,,,,,,Enter a name to search for possible addresses phone numbers and records.,Find people online with a simple search experience from IDLookup.ai.,,,https://idlookup.ai/name/landing/v11?shns=1,find-people,name
Responsive search ad,IDL - People Search Free,Paused,Search,Google Search,50,Daily,Maximize conversions,20,Find People Free,Paused,1.50,,,Paused,Find Someone By Name,People Finder Online,Search Public Data,Lookup People Fast,Start With A Name,IDLookup.ai,,,,,,,,,,Search available public data and possible contact details by name.,Try a people search for possible addresses phone numbers and more.,,,https://idlookup.ai/name/landing/v11?shns=1,find-people,lookup
Campaign,IDL - Public Records and Background Checks,Paused,Search,Google Search,50,Daily,Maximize conversions,20,,,,,,,,,,,,,,,,,,,,,,,,,,https://idlookup.ai/name/landing/v11?shns=1,,
Ad group,IDL - Public Records and Background Checks,Paused,Search,Google Search,50,Daily,Maximize conversions,20,Public Records,Paused,1.75,,,,,,,,,,,,,,,,,,,,,,,https://idlookup.ai/name/landing/v11?shns=1,,
Ad group,IDL - Public Records and Background Checks,Paused,Search,Google Search,50,Daily,Maximize conversions,20,Background Check,Paused,2.00,,,,,,,,,,,,,,,,,,,,,,,https://idlookup.ai/name/landing/v11?shns=1,,
Ad group,IDL - Public Records and Background Checks,Paused,Search,Google Search,50,Daily,Maximize conversions,20,Criminal Records,Paused,2.00,,,,,,,,,,,,,,,,,,,,,,,https://idlookup.ai/name/landing/v11?shns=1,,
Keyword,IDL - Public Records and Background Checks,Paused,Search,Google Search,50,Daily,Maximize conversions,20,Public Records,Paused,1.75,free public records,Broad,Paused,,,,,,,,,,,,,,,,,,,,,,
Keyword,IDL - Public Records and Background Checks,Paused,Search,Google Search,50,Daily,Maximize conversions,20,Public Records,Paused,1.75,public records free,Broad,Paused,,,,,,,,,,,,,,,,,,,,,,
Keyword,IDL - Public Records and Background Checks,Paused,Search,Google Search,50,Daily,Maximize conversions,20,Public Records,Paused,1.75,free public records,Exact,Paused,,,,,,,,,,,,,,,,,,,,,,
Keyword,IDL - Public Records and Background Checks,Paused,Search,Google Search,50,Daily,Maximize conversions,20,Public Records,Paused,1.75,public records,Broad,Paused,,,,,,,,,,,,,,,,,,,,,,
Keyword,IDL - Public Records and Background Checks,Paused,Search,Google Search,50,Daily,Maximize conversions,20,Public Records,Paused,1.75,public records,Exact,Paused,,,,,,,,,,,,,,,,,,,,,,
Keyword,IDL - Public Records and Background Checks,Paused,Search,Google Search,50,Daily,Maximize conversions,20,Public Records,Paused,1.75,public records search,Broad,Paused,,,,,,,,,,,,,,,,,,,,,,
Keyword,IDL - Public Records and Background Checks,Paused,Search,Google Search,50,Daily,Maximize conversions,20,Public Records,Paused,1.75,public records search,Exact,Paused,,,,,,,,,,,,,,,,,,,,,,
Keyword,IDL - Public Records and Background Checks,Paused,Search,Google Search,50,Daily,Maximize conversions,20,Public Records,Paused,1.75,public records websites,Broad,Paused,,,,,,,,,,,,,,,,,,,,,,
Keyword,IDL - Public Records and Background Checks,Paused,Search,Google Search,50,Daily,Maximize conversions,20,Public Records,Paused,1.75,public records name,Broad,Paused,,,,,,,,,,,,,,,,,,,,,,
Keyword,IDL - Public Records and Background Checks,Paused,Search,Google Search,50,Daily,Maximize conversions,20,Public Records,Paused,1.75,public record finder,Broad,Paused,,,,,,,,,,,,,,,,,,,,,,
Keyword,IDL - Public Records and Background Checks,Paused,Search,Google Search,50,Daily,Maximize conversions,20,Background Check,Paused,2.00,free background check,Exact,Paused,,,,,,,,,,,,,,,,,,,,,,
Keyword,IDL - Public Records and Background Checks,Paused,Search,Google Search,50,Daily,Maximize conversions,20,Background Check,Paused,2.00,background check free,Exact,Paused,,,,,,,,,,,,,,,,,,,,,,
Keyword,IDL - Public Records and Background Checks,Paused,Search,Google Search,50,Daily,Maximize conversions,20,Background Check,Paused,2.00,cheap background check,Exact,Paused,,,,,,,,,,,,,,,,,,,,,,
Keyword,IDL - Public Records and Background Checks,Paused,Search,Google Search,50,Daily,Maximize conversions,20,Background Check,Paused,2.00,order background check,Broad,Paused,,,,,,,,,,,,,,,,,,,,,,
Keyword,IDL - Public Records and Background Checks,Paused,Search,Google Search,50,Daily,Maximize conversions,20,Background Check,Paused,2.00,background check price,Broad,Paused,,,,,,,,,,,,,,,,,,,,,,
Keyword,IDL - Public Records and Background Checks,Paused,Search,Google Search,50,Daily,Maximize conversions,20,Background Check,Paused,2.00,$1 background check,Exact,Paused,,,,,,,,,,,,,,,,,,,,,,
Keyword,IDL - Public Records and Background Checks,Paused,Search,Google Search,50,Daily,Maximize conversions,20,Background Check,Paused,2.00,background check,Phrase,Paused,,,,,,,,,,,,,,,,,,,,,,
Keyword,IDL - Public Records and Background Checks,Paused,Search,Google Search,50,Daily,Maximize conversions,20,Background Check,Paused,2.00,background check,Exact,Paused,,,,,,,,,,,,,,,,,,,,,,
Keyword,IDL - Public Records and Background Checks,Paused,Search,Google Search,50,Daily,Maximize conversions,20,Criminal Records,Paused,2.00,criminal records,Broad,Paused,,,,,,,,,,,,,,,,,,,,,,
Keyword,IDL - Public Records and Background Checks,Paused,Search,Google Search,50,Daily,Maximize conversions,20,Criminal Records,Paused,2.00,criminal reports,Broad,Paused,,,,,,,,,,,,,,,,,,,,,,
Keyword,IDL - Public Records and Background Checks,Paused,Search,Google Search,50,Daily,Maximize conversions,20,Criminal Records,Paused,2.00,criminal records search,Exact,Paused,,,,,,,,,,,,,,,,,,,,,,
Keyword,IDL - Public Records and Background Checks,Paused,Search,Google Search,50,Daily,Maximize conversions,20,Criminal Records,Paused,2.00,criminal background check,Exact,Paused,,,,,,,,,,,,,,,,,,,,,,
Keyword,IDL - Public Records and Background Checks,Paused,Search,Google Search,50,Daily,Maximize conversions,20,Criminal Records,Paused,2.00,free public criminal record check,Exact,Paused,,,,,,,,,,,,,,,,,,,,,,
Keyword,IDL - Public Records and Background Checks,Paused,Search,Google Search,50,Daily,Maximize conversions,20,Criminal Records,Paused,2.00,free criminal records,Exact,Paused,,,,,,,,,,,,,,,,,,,,,,
Keyword,IDL - Public Records and Background Checks,Paused,Search,Google Search,50,Daily,Maximize conversions,20,Criminal Records,Paused,2.00,public criminal record lookup,Exact,Paused,,,,,,,,,,,,,,,,,,,,,,
Keyword,IDL - Public Records and Background Checks,Paused,Search,Google Search,50,Daily,Maximize conversions,20,Criminal Records,Paused,2.00,criminal record search,Exact,Paused,,,,,,,,,,,,,,,,,,,,,,
Keyword,IDL - Public Records and Background Checks,Paused,Search,Google Search,50,Daily,Maximize conversions,20,Criminal Records,Paused,2.00,criminal records,Phrase,Paused,,,,,,,,,,,,,,,,,,,,,,
Responsive search ad,IDL - Public Records and Background Checks,Paused,Search,Google Search,50,Daily,Maximize conversions,20,Public Records,Paused,1.75,,,Paused,Public Records Search,Search By Name,Find Public Info,View Available Records,IDLookup.ai,Fast Record Lookup,,,,,,,,,,Search by name to find available public record and contact details.,Use IDLookup.ai to look up possible addresses phone numbers and records.,,,https://idlookup.ai/name/landing/v11?shns=1,public-records,search
Responsive search ad,IDL - Public Records and Background Checks,Paused,Search,Google Search,50,Daily,Maximize conversions,20,Public Records,Paused,1.75,,,Paused,Search Public Records,Name Lookup Online,Find Public Data,People Record Search,Start With A Name,IDLookup.ai,,,,,,,,,,Start with a name and search available records from public data sources.,Find possible contact details and public records in a simple lookup flow.,,,https://idlookup.ai/name/landing/v11?shns=1,records,lookup
Responsive search ad,IDL - Public Records and Background Checks,Paused,Search,Google Search,50,Daily,Maximize conversions,20,Background Check,Paused,2.00,,,Paused,Background Check Search,Search By Name,Lookup Public Records,Find Available Info,IDLookup.ai,Fast Name Lookup,,,,,,,,,,Search by name for available public records and possible contact details.,Use IDLookup.ai to start a background-check style public records search.,,,https://idlookup.ai/name/landing/v11?shns=1,background,search
Responsive search ad,IDL - Public Records and Background Checks,Paused,Search,Google Search,50,Daily,Maximize conversions,20,Background Check,Paused,2.00,,,Paused,Name Background Search,Public Records Lookup,Search Someone Online,Find Contact Details,Simple Name Search,IDLookup.ai,,,,,,,,,,Enter a name to search available public data and possible records.,Find possible addresses phone numbers and public record details.,,,https://idlookup.ai/name/landing/v11?shns=1,background,lookup
Responsive search ad,IDL - Public Records and Background Checks,Paused,Search,Google Search,50,Daily,Maximize conversions,20,Criminal Records,Paused,2.00,,,Paused,Criminal Records Search,Search By Name,Public Record Lookup,Find Available Records,IDLookup.ai,Name Lookup Online,,,,,,,,,,Search by name for available public record details from online sources.,Start a public records lookup to find possible record and contact details.,,,https://idlookup.ai/name/landing/v11?shns=1,criminal,search
Responsive search ad,IDL - Public Records and Background Checks,Paused,Search,Google Search,50,Daily,Maximize conversions,20,Criminal Records,Paused,2.00,,,Paused,Search Criminal Records,Public Records Online,Lookup By Name,Find Public Info,Start With A Name,IDLookup.ai,,,,,,,,,,Use IDLookup.ai to search available public data by name.,Look up possible records addresses phone numbers and public details.,,,https://idlookup.ai/name/landing/v11?shns=1,records,criminal
