# ----------------------------------------,,,,,,,,,,
# Demographic details,,,,,,,,,,
# Account: pds,,,,,,,,,,
# Property: idlookup.ai,,,,,,,,,,
# ----------------------------------------,,,,,,,,,,
#,,,,,,,,,,
# All Users,,,,,,,,,,
# Start date: 20260725,,,,,,,,,,
# End date: 20260823,,,,,,,,,,
Country,Active users,New users,Engaged sessions,Engagement rate,Engaged sessions per active user,Average engagement time per active user,Event count,Key events,User key event rate,Total revenue
Singapore,7125,6860,2030,0.2835987706,0.2849122807,2.077614035,34786,0,0,0
United States,3834,3792,3287,0.7056676685,0.8573291601,167.5456442,99145,256,0.06624934794,256
Brazil,724,3,207,0.2851239669,0.2859116022,8.267955801,987,0,0,0
Pakistan,306,8,93,0.3039215686,0.3039215686,8.369281046,464,0,0,0
Vietnam,302,0,65,0.2152317881,0.2152317881,7.589403974,416,0,0,0
Bangladesh,234,7,55,0.2291666667,0.235042735,21.71794872,696,1,0.004273504274,1
Ukraine,234,4,93,0.3974358974,0.3974358974,9.807692308,326,0,0,0
Argentina,196,9,70,0.3535353535,0.3571428571,13.71938776,538,0,0,0
Mexico,194,26,61,0.3065326633,0.3144329897,33.1443299,976,1,0.005154639175,1
Russia,157,2,57,0.3653846154,0.3630573248,8.01910828,214,0,0,0
France,154,4,27,0.1753246753,0.1753246753,6.480519481,255,0,0,0
South Africa,150,7,66,0.4370860927,0.44,17.32666667,381,1,0.006666666667,1
Venezuela,144,10,48,0.3333333333,0.3333333333,12.95833333,320,0,0,0
Iraq,143,2,52,0.3636363636,0.3636363636,9.230769231,227,0,0,0
Saudi Arabia,122,2,28,0.2295081967,0.2295081967,15.36885246,224,1,0.008196721311,1
Tunisia,118,0,19,0.1610169492,0.1610169492,5.949152542,151,0,0,0
Uzbekistan,112,1,44,0.3928571429,0.3928571429,10.34821429,158,0,0,0
Morocco,107,4,36,0.3302752294,0.3364485981,12.80373832,243,0,0,0
Nigeria,105,28,55,0.474137931,0.5238095238,57.40952381,995,0,0,0
Colombia,102,3,37,0.3557692308,0.362745098,16.28431373,251,0,0,0
(not set),98,98,1,0.01020408163,0.01020408163,0.1224489796,411,0,0,0
Canada,87,15,38,0.4318181818,0.4367816092,20,432,0,0,0
Jordan,85,0,31,0.3647058824,0.3647058824,8.752941176,108,0,0,0
Ecuador,73,3,28,0.3835616438,0.3835616438,11.1369863,154,0,0,0
Kenya,69,3,31,0.4428571429,0.4492753623,17.14492754,148,0,0,0
United Arab Emirates,68,12,11,0.1617647059,0.1617647059,5.558823529,115,0,0,0
Indonesia,65,4,17,0.2615384615,0.2615384615,18.13846154,145,0,0,0
Chile,64,1,26,0.3768115942,0.40625,66.28125,227,1,0.015625,1
Israel,52,0,12,0.2307692308,0.2307692308,6.5,69,0,0,0
Nepal,46,0,13,0.2826086957,0.2826086957,7.130434783,60,0,0,0
Algeria,42,0,13,0.3095238095,0.3095238095,8.476190476,52,0,0,0
Oman,41,0,6,0.1463414634,0.1463414634,5.317073171,61,0,0,0
Azerbaijan,39,1,13,0.3333333333,0.3333333333,7.974358974,53,0,0,0
Bolivia,33,0,9,0.2727272727,0.2727272727,5.96969697,44,0,0,0
Egypt,33,3,13,0.3714285714,0.3939393939,10.78787879,84,0,0,0
Kazakhstan,33,0,20,0.6060606061,0.6060606061,11.33333333,40,0,0,0
India,31,28,24,0.6486486486,0.7741935484,70.4516129,480,1,0.03225806452,1
Dominican Republic,30,0,9,0.3,0.3,6.9,39,0,0,0
Peru,30,1,12,0.4,0.4,8.366666667,42,0,0,0
Palestine,29,1,6,0.2068965517,0.2068965517,8.034482759,42,0,0,0
Syria,29,0,15,0.5172413793,0.5172413793,7.517241379,34,0,0,0
Uruguay,26,0,5,0.1923076923,0.1923076923,7.576923077,35,0,0,0
Albania,25,1,10,0.4,0.4,6.76,32,0,0,0
Senegal,25,0,8,0.32,0.32,10.88,29,0,0,0
Moldova,24,0,7,0.2916666667,0.2916666667,6.916666667,29,0,0,0
Ethiopia,23,0,7,0.3043478261,0.3043478261,10.34782609,25,0,0,0
Paraguay,23,0,5,0.2173913043,0.2173913043,8.130434783,29,0,0,0
Romania,23,3,8,0.347826087,0.347826087,15.86956522,96,0,0,0
Angola,21,0,6,0.2857142857,0.2857142857,6.714285714,25,0,0,0
Spain,21,3,5,0.2380952381,0.2380952381,21.38095238,92,0,0,0
Belarus,19,0,7,0.3684210526,0.3684210526,11.47368421,23,0,0,0
Costa Rica,19,0,6,0.3157894737,0.3157894737,8.210526316,26,0,0,0
Jamaica,19,2,12,0.6315789474,0.6315789474,28.52631579,84,0,0,0
Philippines,19,12,20,0.487804878,1.052631579,150.5789474,424,0,0,0
Germany,18,6,5,0.2777777778,0.2777777778,21,95,0,0,0
Ireland,18,1,4,0.2222222222,0.2222222222,7.388888889,30,0,0,0
Italy,18,0,3,0.1666666667,0.1666666667,7,21,0,0,0
Iran,17,2,10,0.5882352941,0.5882352941,12.88235294,40,0,0,0
Malaysia,17,0,5,0.2941176471,0.2941176471,6.705882353,22,0,0,0
Armenia,16,2,3,0.1875,0.1875,5.625,26,0,0,0
Bahrain,16,0,5,0.3125,0.3125,7.0625,21,0,0,0
Qatar,16,0,5,0.3125,0.3125,5.75,20,0,0,0
Türkiye,16,6,8,0.5,0.5,150.4375,271,1,0.0625,1
Lebanon,15,0,6,0.4,0.4,16.4,17,0,0,0
Bosnia & Herzegovina,14,0,2,0.1428571429,0.1428571429,4.285714286,21,0,0,0
Serbia,14,0,4,0.2857142857,0.2857142857,8,20,0,0,0
Bulgaria,13,0,5,0.3846153846,0.3846153846,9.384615385,20,0,0,0
Cambodia,13,4,4,0.3076923077,0.3076923077,61.92307692,103,0,0,0
Honduras,13,1,4,0.3076923077,0.3076923077,23.46153846,63,0,0,0
Kyrgyzstan,12,0,5,0.4166666667,0.4166666667,14.91666667,14,0,0,0
Panama,12,1,4,0.3076923077,0.3333333333,20.08333333,53,0,0,0
United Kingdom,12,12,14,0.875,1.166666667,105.0833333,295,0,0,0
Côte d’Ivoire,11,0,3,0.2727272727,0.2727272727,6.727272727,14,0,0,0
Hungary,11,0,2,0.1818181818,0.1818181818,6.818181818,13,0,0,0
Congo - Brazzaville,10,0,4,0.4,0.4,6.4,11,0,0,0
Mauritius,10,0,4,0.4,0.4,7.3,11,0,0,0
Myanmar (Burma),10,0,3,0.3,0.3,7.5,13,0,0,0
Portugal,10,0,1,0.1,0.1,3.6,12,0,0,0
Netherlands,9,3,6,0.6666666667,0.6666666667,103.7777778,105,0,0,0
Nicaragua,9,0,5,0.5555555556,0.5555555556,14.11111111,11,0,0,0
Puerto Rico,9,2,3,0.3333333333,0.3333333333,32.11111111,84,0,0,0
Sweden,9,0,4,0.4444444444,0.4444444444,9.888888889,11,0,0,0
Thailand,9,0,4,0.4444444444,0.4444444444,8.666666667,11,0,0,0
Togo,9,0,4,0.4444444444,0.4444444444,12,13,0,0,0
Belgium,8,1,2,0.25,0.25,23.625,41,0,0,0
Estonia,8,0,3,0.375,0.375,10,10,0,0,0
Kuwait,8,0,1,0.125,0.125,5.25,12,0,0,0
Afghanistan,7,7,0,0,0,0,24,0,0,0
Slovakia,7,0,1,0.1428571429,0.1428571429,4.285714286,8,0,0,0
Gabon,6,0,2,0.3333333333,0.3333333333,4.333333333,7,0,0,0
Ghana,6,6,4,0.5,0.6666666667,40,111,0,0,0
Greece,6,2,4,0.6666666667,0.6666666667,37.33333333,45,1,0.1666666667,1
Guyana,6,1,4,0.6666666667,0.6666666667,11.66666667,9,0,0,0
Kosovo,6,1,1,0.1666666667,0.1666666667,7.333333333,10,0,0,0
Mali,6,0,1,0.1666666667,0.1666666667,6,6,0,0,0
Poland,6,1,2,0.2857142857,0.3333333333,5.5,15,0,0,0
,5,2,0,0,0,2.2,10,0,0,0
Croatia,5,0,0,0,0,7.4,6,0,0,0
El Salvador,5,2,2,0.4,0.4,55.2,36,0,0,0
Georgia,5,0,3,0.6,0.6,9.2,6,0,0,0
Guatemala,5,1,2,0.4,0.4,11.4,24,0,0,0
Latvia,5,0,1,0.2,0.2,6.2,6,0,0,0
North Macedonia,5,1,3,0.6,0.6,34.8,32,0,0,0
Sri Lanka,5,1,4,0.8,0.8,9.4,11,0,0,0
Botswana,4,0,1,0.25,0.25,12.75,5,0,0,0
Mongolia,4,0,1,0.25,0.25,5.75,4,0,0,0
New Zealand,4,1,1,0.25,0.25,48,32,0,0,0
Switzerland,4,0,1,0.25,0.25,17,4,0,0,0
Trinidad & Tobago,4,0,1,0.25,0.25,7,4,0,0,0
Uganda,4,2,4,0.8,1,135.25,63,0,0,0
Austria,3,0,1,0.3333333333,0.3333333333,5.333333333,3,0,0,0
Cyprus,3,0,0,0,0,9,4,0,0,0
Japan,3,1,0,0,0,1,10,0,0,0
Slovenia,3,1,1,0.3333333333,0.3333333333,16.66666667,5,0,0,0
South Korea,3,2,3,0.75,1,48.33333333,32,0,0,0
China,2,2,0,0,0,0.5,9,0,0,0
Guadeloupe,2,0,0,0,0,15,3,0,0,0
Lithuania,2,0,0,0,0,1.5,3,0,0,0
Malta,2,0,0,0,0,2,3,0,0,0
American Samoa,1,1,0,0,0,0,4,0,0,0
Australia,1,1,1,1,1,90,9,0,0,0
Bahamas,1,1,7,0.7777777778,7,1705,206,1,1,1
Barbados,1,0,0,0,0,3,2,0,0,0
Belize,1,1,0,0,0,101,26,0,0,0
Brunei,1,0,1,1,1,10,1,0,0,0
Cameroon,1,1,1,1,1,227,27,0,0,0
Cape Verde,1,0,1,1,1,10,1,0,0,0
Congo - Kinshasa,1,0,0,0,0,12,1,0,0,0
Czechia,1,0,1,1,1,24,1,0,0,0
Fiji,1,0,0,0,0,0,1,0,0,0
Finland,1,1,1,1,1,12,7,0,0,0
Guinea,1,1,1,1,1,495,68,0,0,0
Haiti,1,1,1,1,1,163,27,0,0,0
Hong Kong,1,0,0,0,0,2,1,0,0,0
Liberia,1,1,0,0,0,0,4,0,0,0
Martinique,1,0,0,0,0,3,2,0,0,0
Mayotte,1,0,0,0,0,3,1,0,0,0
Norway,1,0,1,1,1,9,1,0,0,0
Réunion,1,0,0,0,0,5,1,0,0,0
St. Lucia,1,1,0,0,0,0,3,0,0,0
,,,,,,,,,,
# Landing page + query string contains /name/landing/homefacts,,,,,,,,,,
# Start date: 20260725,,,,,,,,,,
# End date: 20260823,,,,,,,,,,
Country,Active users,New users,Engaged sessions,Engagement rate,Engaged sessions per active user,Average engagement time per active user,Event count,Key events,User key event rate,Total revenue
Singapore,6739,6723,1921,0.2851840855,0.2850571301,1.699658703,31343,0,0,0
United States,372,362,211,0.5523560209,0.5672043011,25.20698925,3850,1,0.002688172043,1
Brazil,579,0,196,0.3379310345,0.3385146805,7.853195164,701,0,0,0
Pakistan,233,0,81,0.347639485,0.347639485,8.064377682,292,0,0,0
Vietnam,239,0,59,0.2468619247,0.2468619247,7.60251046,311,0,0,0
Bangladesh,186,1,46,0.247311828,0.247311828,7.344086022,251,0,0,0
Ukraine,197,2,87,0.4416243655,0.4416243655,9.401015228,252,0,0,0
Argentina,151,0,57,0.3774834437,0.3774834437,8.741721854,180,0,0,0
Mexico,128,0,39,0.3046875,0.3046875,7.2578125,155,0,0,0
Russia,141,1,54,0.3857142857,0.3829787234,8.021276596,182,0,0,0
France,110,0,25,0.2272727273,0.2272727273,5.809090909,152,0,0,0
South Africa,118,0,55,0.4661016949,0.4661016949,9.550847458,131,0,0,0
Venezuela,111,0,42,0.3783783784,0.3783783784,8.54954955,135,0,0,0
Iraq,114,0,48,0.4210526316,0.4210526316,8.289473684,142,0,0,0
Saudi Arabia,90,1,26,0.2888888889,0.2888888889,7.022222222,123,0,0,0
Tunisia,92,0,19,0.2065217391,0.2065217391,6.065217391,115,0,0,0
Uzbekistan,92,0,40,0.4347826087,0.4347826087,9.239130435,108,0,0,0
Morocco,77,1,27,0.3506493506,0.3506493506,7.909090909,93,0,0,0
Nigeria,60,2,22,0.3666666667,0.3666666667,9.416666667,74,0,0,0
Colombia,85,1,33,0.3882352941,0.3882352941,9.588235294,109,0,0,0
(not set),1,1,1,1,1,5,7,0,0,0
Canada,61,3,27,0.4426229508,0.4426229508,10.31147541,86,0,0,0
Jordan,67,0,31,0.4626865672,0.4626865672,9.686567164,82,0,0,0
Ecuador,55,0,22,0.4,0.4,8.581818182,67,0,0,0
Kenya,57,0,27,0.4736842105,0.4736842105,9.50877193,69,0,0,0
United Arab Emirates,46,0,10,0.2173913043,0.2173913043,6.782608696,60,0,0,0
Indonesia,45,1,12,0.2666666667,0.2666666667,8.266666667,65,0,0,0
Chile,50,0,20,0.4,0.4,8.46,64,0,0,0
Israel,34,0,12,0.3529411765,0.3529411765,7.911764706,41,0,0,0
Nepal,36,0,13,0.3611111111,0.3611111111,7.444444444,45,0,0,0
Algeria,34,0,12,0.3529411765,0.3529411765,8.470588235,41,0,0,0
Oman,28,0,6,0.2142857143,0.2142857143,6.357142857,37,0,0,0
Azerbaijan,29,1,12,0.4137931034,0.4137931034,8.655172414,42,0,0,0
Bolivia,21,0,8,0.380952381,0.380952381,6.523809524,24,0,0,0
Egypt,25,0,11,0.44,0.44,8.76,30,0,0,0
Kazakhstan,29,0,19,0.6551724138,0.6551724138,11.24137931,34,0,0,0
India,0,0,0,0,0,0,0,0,0,0
Dominican Republic,25,0,9,0.36,0.36,7.44,33,0,0,0
Peru,23,0,10,0.4347826087,0.4347826087,8,29,0,0,0
Palestine,23,1,4,0.1739130435,0.1739130435,7.956521739,34,0,0,0
Syria,29,0,15,0.5172413793,0.5172413793,7.413793103,32,0,0,0
Uruguay,20,0,5,0.25,0.25,7.3,26,0,0,0
Albania,21,1,9,0.4285714286,0.4285714286,6.380952381,28,0,0,0
Senegal,18,0,8,0.4444444444,0.4444444444,12.94444444,21,0,0,0
Moldova,18,0,7,0.3888888889,0.3888888889,7.5,21,0,0,0
Ethiopia,18,0,7,0.3888888889,0.3888888889,9.666666667,19,0,0,0
Paraguay,15,0,5,0.3333333333,0.3333333333,8.733333333,18,0,0,0
Romania,14,0,5,0.3571428571,0.3571428571,9,17,0,0,0
Angola,15,0,5,0.3333333333,0.3333333333,5.533333333,18,0,0,0
Spain,16,1,3,0.1875,0.1875,5.625,27,0,0,0
Belarus,16,0,7,0.4375,0.4375,12.5,19,0,0,0
Costa Rica,15,0,6,0.4,0.4,8.2,18,0,0,0
Jamaica,13,0,9,0.6923076923,0.6923076923,12.30769231,14,0,0,0
Philippines,5,0,1,0.2,0.2,4.8,8,0,0,0
Germany,8,0,2,0.25,0.25,6.25,13,0,0,0
Ireland,10,0,2,0.2,0.2,7.3,12,0,0,0
Italy,12,0,2,0.1666666667,0.1666666667,8.416666667,13,0,0,0
Iran,11,1,8,0.7272727273,0.7272727273,14.09090909,19,0,0,0
Malaysia,16,0,5,0.3125,0.3125,6.9375,18,0,0,0
Armenia,9,0,3,0.3333333333,0.3333333333,5.555555556,11,0,0,0
Bahrain,9,0,4,0.4444444444,0.4444444444,6.333333333,11,0,0,0
Qatar,15,0,5,0.3333333333,0.3333333333,6.133333333,17,0,0,0
Türkiye,8,0,2,0.25,0.25,3.25,9,0,0,0
Lebanon,10,0,5,0.5,0.5,15.1,11,0,0,0
Bosnia & Herzegovina,11,0,2,0.1818181818,0.1818181818,3.545454545,18,0,0,0
Serbia,12,0,4,0.3333333333,0.3333333333,7.25,15,0,0,0
Bulgaria,10,0,5,0.5,0.5,10.9,13,0,0,0
Cambodia,7,0,1,0.1428571429,0.1428571429,4.857142857,10,0,0,0
Honduras,10,0,4,0.4,0.4,8.1,13,0,0,0
Kyrgyzstan,9,0,4,0.4444444444,0.4444444444,16.33333333,10,0,0,0
Panama,5,0,2,0.4,0.4,8.2,6,0,0,0
United Kingdom,2,2,2,1,1,9,15,0,0,0
Côte d’Ivoire,8,0,3,0.375,0.375,8.375,10,0,0,0
Hungary,9,0,2,0.2222222222,0.2222222222,5,11,0,0,0
Congo - Brazzaville,7,0,4,0.5714285714,0.5714285714,8.142857143,8,0,0,0
Mauritius,9,0,4,0.4444444444,0.4444444444,7.666666667,10,0,0,0
Myanmar (Burma),7,0,2,0.2857142857,0.2857142857,7.285714286,9,0,0,0
Portugal,9,0,1,0.1111111111,0.1111111111,2.777777778,11,0,0,0
Netherlands,4,0,2,0.5,0.5,16.5,4,0,0,0
Nicaragua,7,0,5,0.7142857143,0.7142857143,14.28571429,9,0,0,0
Puerto Rico,5,0,2,0.4,0.4,10.4,8,0,0,0
Sweden,7,0,4,0.5714285714,0.5714285714,8.571428571,9,0,0,0
Thailand,7,0,3,0.4285714286,0.4285714286,8.428571429,9,0,0,0
Togo,8,0,4,0.5,0.5,12.625,10,0,0,0
Belgium,4,0,1,0.25,0.25,6.5,6,0,0,0
Estonia,5,0,2,0.4,0.4,11.6,7,0,0,0
Kuwait,7,0,1,0.1428571429,0.1428571429,4.857142857,10,0,0,0
Afghanistan,0,0,0,0,0,0,0,0,0,0
Slovakia,5,0,1,0.2,0.2,4,5,0,0,0
Gabon,6,0,2,0.3333333333,0.3333333333,4.333333333,6,0,0,0
Ghana,0,0,0,0,0,0,0,0,0,0
Greece,4,0,3,0.75,0.75,10.25,4,0,0,0
Guyana,3,0,3,1,1,14.66666667,3,0,0,0
Kosovo,5,0,1,0.2,0.2,8.8,6,0,0,0
Mali,6,0,1,0.1666666667,0.1666666667,6,6,0,0,0
Poland,5,0,1,0.2,0.2,5.2,8,0,0,0
,2,0,0,0,0,4.5,2,0,0,0
Croatia,2,0,0,0,0,7,3,0,0,0
El Salvador,2,0,1,0.5,0.5,13,2,0,0,0
Georgia,4,0,3,0.75,0.75,11,4,0,0,0
Guatemala,2,0,1,0.5,0.5,9.5,2,0,0,0
Latvia,5,0,1,0.2,0.2,5.4,5,0,0,0
North Macedonia,3,0,2,0.6666666667,0.6666666667,15.66666667,4,0,0,0
Sri Lanka,4,0,3,0.75,0.75,11,5,0,0,0
Botswana,3,0,1,0.3333333333,0.3333333333,9,4,0,0,0
Mongolia,3,0,1,0.3333333333,0.3333333333,6.666666667,3,0,0,0
New Zealand,2,0,0,0,0,2.5,3,0,0,0
Switzerland,3,0,1,0.3333333333,0.3333333333,18,3,0,0,0
Trinidad & Tobago,3,0,1,0.3333333333,0.3333333333,8.666666667,3,0,0,0
Uganda,1,0,1,1,1,19,1,0,0,0
Austria,2,0,0,0,0,1.5,2,0,0,0
Cyprus,0,0,0,0,0,0,0,0,0,0
Japan,1,0,0,0,0,3,2,0,0,0
Slovenia,1,0,1,1,1,28,1,0,0,0
South Korea,1,0,1,1,1,9,1,0,0,0
China,0,0,0,0,0,0,0,0,0,0
Guadeloupe,2,0,0,0,0,15,3,0,0,0
Lithuania,2,0,0,0,0,1.5,3,0,0,0
Malta,2,0,0,0,0,2,3,0,0,0
American Samoa,0,0,0,0,0,0,0,0,0,0
Australia,0,0,0,0,0,0,0,0,0,0
Bahamas,0,0,0,0,0,0,0,0,0,0
Barbados,1,0,0,0,0,3,2,0,0,0
Belize,0,0,0,0,0,0,0,0,0,0
Brunei,1,0,1,1,1,10,1,0,0,0
Cameroon,0,0,0,0,0,0,0,0,0,0
Cape Verde,1,0,1,1,1,10,1,0,0,0
Congo - Kinshasa,0,0,0,0,0,0,0,0,0,0
Czechia,1,0,1,1,1,24,1,0,0,0
Fiji,0,0,0,0,0,0,0,0,0,0
Finland,0,0,0,0,0,0,0,0,0,0
Guinea,0,0,0,0,0,0,0,0,0,0
Haiti,0,0,0,0,0,0,0,0,0,0
Hong Kong,1,0,0,0,0,2,1,0,0,0
Liberia,0,0,0,0,0,0,0,0,0,0
Martinique,1,0,0,0,0,3,1,0,0,0
Mayotte,0,0,0,0,0,0,0,0,0,0
Norway,1,0,1,1,1,9,1,0,0,0
Réunion,0,0,0,0,0,0,0,0,0,0
St. Lucia,0,0,0,0,0,0,0,0,0,0