Desc,path,method,example,param,return,misc
"Login

csrWrapper.api.auth.login",/api/auth/login,post,"csrWrapper.api.auth.login({ username: 'admin@email.com', password: 'password' });

Calling login without username or password will check if the user's session is already logged in on the server.",,,
"Logout

csrWrapper.api.auth.logout",/api/auth/logout,post,csrWrapper.api.auth.logout();,,{ success: true },
"Create User

csrWrapper.api.user.create",/api/user/management/create,post,"csrWrapper.api.user.create({ 
email: 'user@email.com',
password: 'passWORD123!@#', 
firstName: 'tim', 
lastName: 'chin', 
roles: [], 
shConId: '', 
shColId: ''
});

params
- roles: ['admin'] or ['csr'] or []
- shConId: (optional) 
- shColId: (optional)",,,
"Update User

csrWrapper.api.user.update",/api/user/management/update,post,"csrWrapper.api.user.update({ 
userId: '69aa174aba9d8bf27771b282',
firstName: 'kim',
});

You can pass email, password, firstName, lastName, roles, shConId, and shColId that can be entered when creating a user. (optional)",,,
"Get User Detail

csrWrapper.api.user.getUserDetail",/api/user/management/detail,post,csrWrapper.api.user.getUserDetail({ userId: '69aa174aba9d8bf27771b282' });,,,
"Find Users

csrWrapper.api.user.find",/api/database/search,post,"csrWrapper.api.user.find({ 
brandId: 'idlookup',
});

The response value returns N Users. To obtain more than N response values, pass the _id of the User received in the response to lastId. The first page does not pass lastId.

params
- brandId: (optional)
- email: (optional)
- phone: (optional)
- zip: (optional)
- panLast4: (optional)
- lastId: (optional)

Updated on 2026-04-07
(phone, zip, panLast4)",,,
"Find Admin Users

csrWrapper.api.user.findAdmin",/api/database/search,post,"csrWrapper.api.user.findAdmin({ 
brandId: 'idlookup',
});

The response value returns N Users. To obtain more than N response values, pass the _id of the User received in the response to lastId. The first page does not pass lastId.

params
- brandId: (optional)
- email: (optional)
- lastId: (optional)",,,
"Removed on 2026-04-17
Create Admin User Note",/api/message/admin/user/note/create,post,"csrWrapper.api.user.createAdminNote({ 
userId: '69aa174aba9d8bf27771b282', 
message: 'Create a Memo in User that only administrators can see.'
contentType: 'text/html',
});

Added on 2026-03-31
attachments: (optional) File[]
- You can add attachments to the request value.
contentType
- contentType: text/plain or text/html",,,
"Removed on 2026-04-17
Update Admin User Note

csrWrapper.api.user.updateAdminNote",/api/message/admin/user/note/update,post,"csrWrapper.api.user.updateAdminNote({ 
messageId: '69af35499c5bb16194bfd741', 
message: 'Edit the message content.' 
});",,,
"Create User Admin Note Added on 2026-04-17 Edited on 2026-04-20

csrWrapper.api.message.note.createUserAdminNote",/api/message/admin/createNote,post,"csrWrapper.api.message.note.createUserAdminNote({ userId, message, contentType, attachments })

Write a note in the user admin note message that only the admin can see.
params
- userId: _id of user
- message
- contentType : text/plain, text/html
- attachments (optional)",,"{ 
""index"": [], 
""type"": ""adminNote"", 
""ownerId"": ""6943179e90625d3dbeadf6f7"", 
""referenceIds"": [], 
""permissionIds"": [], 
""referenceId"": ""69d9ad287c4fc440d9ca5e73"", 
""referenceCollection"": ""users"", 
""content"": { 
""message"": ""test admin note"", 
""contentType"": ""text/html"" 
}, 
""attachments"": [], 
""_id"": ""69e6a7f914689217f43b3611"", 
""createdAt"": ""2026-04-20T22:26:01.382Z"", 
""updatedAt"": ""2026-04-20T22:26:01.391Z"", 
""createdTimestamp"": 1776723961382, 
""updatedTimestamp"": 1776723961382, 
""trackingIds"": { 
""trackingId"": ""69e6a7f914689217f43b360c"", 
""sessionId"": ""NEbl3N01stxvZT5sMDs_DN_TMhD9jMIa"", 
""clientId"": ""fn20CoGeMf3LC27lAurmGd7VGnOt1F7E"", 
""apiId"": ""Tz3sH5YjTuRdk61JfAORsxMDzdvWvTv7"" 
}, 
""brandId"": ""bytecrtrs"", 
""shConId"": ""69129afbeee8fa241c86c9c2"", 
""shColId"": ""69431f043a915bc1be68b4bc"", 
""shTimestamp"": 1776722912711, 
""updaterId"": ""6943179e90625d3dbeadf6f7"", 
""__v"": 1, 
""currentRevisionId"": ""69e6a7f914689217f43b3613"", 
""owner"": { 
""_id"": ""6943179e90625d3dbeadf6f7"", 
""firstName"": ""BC"", 
""lastName"": ""Admin"", 
""id"": ""6943179e90625d3dbeadf6f7"" 
}, 
""id"": ""69e6a7f914689217f43b3611"" 
}",
"Create Contact Admin Note Added on 2026-04-20

csrWrapper.api.message.note.createContactAdminNote",/api/message/admin/createNote,post,"csrWrapper.api.message.note
.createContactAdminNote({ contactMessageId, message, contentType, attachments })

Write a note in the contact admin note message that only the admin can see.

params
- contactMessageId: _id of contact message
- message
- contentType : text/plain, text/html
- attachments (optional)",,"{ 
""index"": [], 
""type"": ""adminNote"", 
""ownerId"": ""6943179e90625d3dbeadf6f7"", 
""referenceIds"": [], 
""permissionIds"": [], 
""referenceId"": ""69e6a41ee2bfe8bbe9d2484c"", 
""referenceCollection"": ""messages"", 
""content"": { 
""message"": ""test contact admin note"", 
""contentType"": ""text/html"" 
}, 
""attachments"": [], 
""_id"": ""69e6a8b114689217f43b368e"", 
""createdAt"": ""2026-04-20T22:29:05.643Z"", 
""updatedAt"": ""2026-04-20T22:29:05.653Z"", 
""createdTimestamp"": 1776724145643, 
""updatedTimestamp"": 1776724145643, 
""trackingIds"": { 
""trackingId"": ""69e6a8b114689217f43b3689"", 
""sessionId"": ""NEbl3N01stxvZT5sMDs_DN_TMhD9jMIa"", 
""clientId"": ""fn20CoGeMf3LC27lAurmGd7VGnOt1F7E"", 
""apiId"": ""QkCbufujSu4F3iXM5wYOgEjmnWoxU0yO"" 
}, 
""brandId"": ""bytecrtrs"", 
""shConId"": ""69129afbeee8fa241c86c9c2"", 
""shColId"": ""69431f043a915bc1be68b4bc"", 
""shTimestamp"": 1776722912711, 
""updaterId"": ""6943179e90625d3dbeadf6f7"", 
""__v"": 1, 
""currentRevisionId"": ""69e6a8b114689217f43b3690"", 
""owner"": { 
""_id"": ""6943179e90625d3dbeadf6f7"", 
""firstName"": ""BC"", 
""lastName"": ""Admin"", 
""id"": ""6943179e90625d3dbeadf6f7"" 
}, 
""id"": ""69e6a8b114689217f43b368e"" 
}",
"Update Admin Note Added on 2026-04-17

csrWrapper.api.message.note.updateAdminNote",/api/message/admin/updateNote,post,"csrWrapper.api.message.note.updateAdminNote({ messageId, message })

params
- messageId : _id of admin note message
- message",,"{ 
""_id"": ""69e6a8b114689217f43b368e"", 
""index"": [], 
""type"": ""adminNote"", 
""ownerId"": ""6943179e90625d3dbeadf6f7"", 
""referenceIds"": [], 
""permissionIds"": [], 
""referenceId"": ""69e6a41ee2bfe8bbe9d2484c"", 
""referenceCollection"": ""messages"", 
""content"": { 
""message"": ""test update admin note"", 
""contentType"": ""text/html"" 
}, 
""attachments"": [], 
""createdAt"": ""2026-04-20T22:29:05.643Z"", 
""updatedAt"": ""2026-04-20T22:29:28.259Z"", 
""createdTimestamp"": 1776724145643, 
""updatedTimestamp"": 1776724145643, 
""trackingIds"": { 
""trackingId"": ""69e6a8b114689217f43b3689"", 
""sessionId"": ""NEbl3N01stxvZT5sMDs_DN_TMhD9jMIa"", 
""clientId"": ""fn20CoGeMf3LC27lAurmGd7VGnOt1F7E"", 
""apiId"": ""QkCbufujSu4F3iXM5wYOgEjmnWoxU0yO"" 
}, 
""brandId"": ""bytecrtrs"", 
""shConId"": ""69129afbeee8fa241c86c9c2"", 
""shColId"": ""69431f043a915bc1be68b4bc"", 
""shTimestamp"": 1776722912711, 
""updaterId"": ""6943179e90625d3dbeadf6f7"", 
""__v"": 3, 
""currentRevisionId"": ""69e6a8c814689217f43b36aa"", 
""owner"": { 
""_id"": ""6943179e90625d3dbeadf6f7"", 
""firstName"": ""BC"", 
""lastName"": ""Admin"", 
""id"": ""6943179e90625d3dbeadf6f7"" 
}, 
""id"": ""69e6a8b114689217f43b368e"" 
}",
"Find User Admin Notes Added on 2026-04-20

csrWrapper.api.user.findUserAdminNotes
",/api/message/admin/findNotes,get,"csrWrapper.api.user.findUserAdminNotes({ userId, lastId });

params
- userId: _id of user
- lastId: (optional)",,"{ 
""docs"": [ 
{ 
""_id"": ""69e6a7f914689217f43b3611"", 
""index"": [], 
""type"": ""adminNote"", 
""ownerId"": ""6943179e90625d3dbeadf6f7"", 
""referenceIds"": [], 
""permissionIds"": [], 
""referenceId"": ""69d9ad287c4fc440d9ca5e73"", 
""referenceCollection"": ""users"", 
""content"": { 
""message"": ""test admin note"", 
""contentType"": ""text/html"" 
}, 
""attachments"": [], 
""createdAt"": ""2026-04-20T22:26:01.382Z"", 
""updatedAt"": ""2026-04-20T22:26:01.391Z"", 
""createdTimestamp"": 1776723961382, 
""updatedTimestamp"": 1776723961382, 
""trackingIds"": { 
""trackingId"": ""69e6a7f914689217f43b360c"", 
""sessionId"": ""NEbl3N01stxvZT5sMDs_DN_TMhD9jMIa"", 
""clientId"": ""fn20CoGeMf3LC27lAurmGd7VGnOt1F7E"", 
""apiId"": ""Tz3sH5YjTuRdk61JfAORsxMDzdvWvTv7"" 
}, 
""brandId"": ""bytecrtrs"", 
""shConId"": ""69129afbeee8fa241c86c9c2"", 
""shColId"": ""69431f043a915bc1be68b4bc"", 
""shTimestamp"": 1776722912711, 
""updaterId"": ""6943179e90625d3dbeadf6f7"", 
""__v"": 1, 
""currentRevisionId"": ""69e6a7f914689217f43b3613"", 
""id"": ""69e6a7f914689217f43b3611"" 
}, 
{ 
""_id"": ""69e6a7d814689217f43b35e2"", 
""index"": [], 
""type"": ""adminNote"", 
""ownerId"": ""6943179e90625d3dbeadf6f7"", 
""referenceIds"": [], 
""permissionIds"": [], 
""referenceId"": ""69d9ad287c4fc440d9ca5e73"", 
""referenceCollection"": ""users"", 
""content"": { 
""message"": ""test admin note"", 
""contentType"": ""text/html"" 
}, 
""attachments"": [], 
""createdAt"": ""2026-04-20T22:25:28.620Z"", 
""updatedAt"": ""2026-04-20T22:25:28.627Z"", 
""createdTimestamp"": 1776723928620, 
""updatedTimestamp"": 1776723928620, 
""trackingIds"": { 
""trackingId"": ""69e6a7d814689217f43b35dd"", 
""sessionId"": ""NEbl3N01stxvZT5sMDs_DN_TMhD9jMIa"", 
""clientId"": ""fn20CoGeMf3LC27lAurmGd7VGnOt1F7E"", 
""apiId"": ""GwbTJEC6VgdShxGOIka4PjiJfrEeqUkS"" 
}, 
""brandId"": ""bytecrtrs"", 
""shConId"": ""69129afbeee8fa241c86c9c2"", 
""shColId"": ""69431f043a915bc1be68b4bc"", 
""shTimestamp"": 1776722912711, 
""updaterId"": ""6943179e90625d3dbeadf6f7"", 
""__v"": 1, 
""currentRevisionId"": ""69e6a7d814689217f43b35e4"", 
""id"": ""69e6a7d814689217f43b35e2"" 
} 
], 
""noMoreDocs"": true 
}",
"Find User Contacts added on 2026-04-17

csrWrapper.api.user.findUserContacts",/contactMessage/admin/find/:targetUserId,post,"csrWrapper.api.user.findUserContacts({ userId, lastId })

Get the contact message assigned by [Set Target User To Contact Message].

params
- userId : 
- lastId (optional)",,"{
""docs"": [
{
""_id"": ""69e2ad3983d366d4bf6e3854"",
""index"": [],
""type"": ""contact"",
""ownerId"": ""6943179e90625d3dbeadf6f7"",
""referenceIds"": [],
""permissionIds"": [],
""hash"": ""17a9a09c8ffc49dd37a0e3cc8a77bfcf"",
""content"": {
""category"": ""general"",
""input"": {
""topic"": ""Test topic"",
""name"": ""Tim Chin"",
""email"": ""test123Q@bytecrtrs.com"",
""phone"": ""8054320540"",
""description"": ""description"",
""orderId"": ""698e181e2537a200cd94646c""
},
""targetUserId"": ""6943179e90625d3dbeadf6f7""
},
""attachments"": [],
""createdAt"": ""2026-04-17T21:59:21.106Z"",
""updatedAt"": ""2026-04-17T22:43:12.496Z"",
""createdTimestamp"": 1776463161106,
""updatedTimestamp"": 1776463161106,
""trackingIds"": {
""trackingId"": ""69e2ad3983d366d4bf6e3850"",
""sessionId"": ""eF1FWlXWPp6iA8dv9BbSXE3aErXDE7jt"",
""clientId"": ""q0C7yvVel6oo2VqueV0txkFfRsZWLEg4"",
""apiId"": ""XGMBUDn3tqnZbybmTs0yiFcYpmR6TNog""
},
""brandId"": ""bytecrtrs"",
""shConId"": ""69129afbeee8fa241c86c9c2"",
""shColId"": ""69431f043a915bc1be68b4bc"",
""shTimestamp"": 1776462758866,
""updaterId"": ""6943179e90625d3dbeadf6f7"",
""__v"": 2,
""currentRevisionId"": ""69e2b78083d366d4bf6e3d6e"",
""latestReply"": null
}
],
""noMoreDocs"": true
}",
"Create Contact Addon on 2026-04-17

csrWrapper.api.message.contact.create",/api/contactMessage/admin/create,post,"csrWrapper.api.message.contact.create(param);

This API is used to allow the CSR to compose a contact message when the request is received through a different channel, similar to when the user composes the contact message directly.

params
- topic
- name
- email
- phone
- description
- orderId
- zip (optional)
- last4 (optional)
- actorId (optional) : user._id of csr (Can be assigned later via [Set Actor To Contact Message])
- attachments (optional)",,"{
""success"": true,
""messageResult"": {
""index"": [],
""type"": ""contact"",
""ownerId"": ""6943179e90625d3dbeadf6f7"",
""referenceIds"": [],
""permissionIds"": [],
""hash"": ""17a9a09c8ffc49dd37a0e3cc8a77bfcf"",
""content"": {
""category"": ""general"",
""input"": {
""topic"": ""Test topic"",
""name"": ""Tim Chin"",
""email"": ""test123Q@bytecrtrs.com"",
""phone"": ""8054320540"",
""description"": ""description"",
""orderId"": ""698e181e2537a200cd94646c""
}
},
""attachments"": [],
""_id"": ""69e2ad3983d366d4bf6e3854"",
""createdAt"": ""2026-04-17T21:59:21.106Z"",
""updatedAt"": ""2026-04-17T21:59:21.113Z"",
""createdTimestamp"": 1776463161106,
""updatedTimestamp"": 1776463161106,
""trackingIds"": {
""trackingId"": ""69e2ad3983d366d4bf6e3850"",
""sessionId"": ""eF1FWlXWPp6iA8dv9BbSXE3aErXDE7jt"",
""clientId"": ""q0C7yvVel6oo2VqueV0txkFfRsZWLEg4"",
""apiId"": ""XGMBUDn3tqnZbybmTs0yiFcYpmR6TNog""
},
""brandId"": ""bytecrtrs"",
""shConId"": ""69129afbeee8fa241c86c9c2"",
""shColId"": ""69431f043a915bc1be68b4bc"",
""shTimestamp"": 1776462758866,
""updaterId"": ""6943179e90625d3dbeadf6f7"",
""__v"": 1,
""currentRevisionId"": ""69e2ad3983d366d4bf6e3856"",
""id"": ""69e2ad3983d366d4bf6e3854""
},
""mailResult"": {
""provider"": ""smtp01Mailer"",
""success"": true,
""response"": {
""accepted"": [
""dev@forserver.net""
],
""rejected"": [],
""ehlo"": [
""PIPELINING"",
""SIZE 10240000"",
""VRFY"",
""ETRN"",
""AUTH PLAIN LOGIN"",
""AUTH=PLAIN LOGIN"",
""ENHANCEDSTATUSCODES"",
""8BITMIME"",
""DSN"",
""SMTPUTF8"",
""CHUNKING""
],
""envelopeTime"": 245,
""messageTime"": 236,
""messageSize"": 583,
""response"": ""250 2.0.0 Ok: queued as B04C3407BA"",
""envelope"": {
""from"": """",
""to"": [
""dev@forserver.net""
]
},
""messageId"": ""<d3c22c49-b52c-1bd5-ea0c-c27ae5cb8af2@localhost>""
}
}
}",
"Create Csr Reply Edited on 2026-04-17
Create Csr Mail Added on 2026-03-27

csrWrapper.api.user.createCsrMail",/api/message/admin/user/csrMail/create,post,"Edited on 2026-04-17 
csrWrapper.api.message.contact
.createCsrReply({ contactMessageId, subject, message, contentType, attachments })

A CSR can write a Reply to a contactMessage retrieved from [Find Contact Messages].

params
- contactMessageId : _id of the record retrieved from [Find Contact Messages]
- subject : This is the subject of the email.
- message : This is the content of the email. (html or text)
- contentType : text/plain, text/html
- attachments: (optional)

Added on 2026-03-31
attachments: (optional) File[]
- You can add attachments to the request value.
contentType
- contentType: text/plain or text/html",,"{
""success"": true,
""messageResult"": {
""index"": [],
""type"": ""contactCsrReply"",
""ownerId"": ""6943179e90625d3dbeadf6f7"",
""parentId"": ""69e2a32d83d366d4bf6e2f69"",
""referenceIds"": [],
""permissionIds"": [],
""content"": {
""subject"": ""test csr reply"",
""message"": ""test csr reply\n<p><a href=\""https://dev1002.dev.www.idlookup.ai/test/development.html?type=contactCsrReply&amp;hash=c3c54e5db1cfb633ce9a35728d175da5&amp;contactMessageId=69e2a32d83d366d4bf6e2f69\"">Reply</a></p>"",
""contentType"": ""text/html""
},
""attachments"": [],
""_id"": ""69e2abd483d366d4bf6e370f"",
""createdAt"": ""2026-04-17T21:53:24.515Z"",
""updatedAt"": ""2026-04-17T21:53:24.523Z"",
""createdTimestamp"": 1776462804515,
""updatedTimestamp"": 1776462804515,
""trackingIds"": {
""trackingId"": ""69e2abd483d366d4bf6e370a"",
""sessionId"": ""eF1FWlXWPp6iA8dv9BbSXE3aErXDE7jt"",
""clientId"": ""4p6Q9kL2ABUzGwAsG3y3D3xvPj7PZEsh"",
""apiId"": ""rAVsz8ZOfcT2iZYMwjM3tdeXoIftZz7y""
},
""brandId"": ""bytecrtrs"",
""shConId"": ""69129afbeee8fa241c86c9c2"",
""shColId"": ""69431f043a915bc1be68b4bc"",
""shTimestamp"": 1776462758866,
""updaterId"": ""6943179e90625d3dbeadf6f7"",
""__v"": 1,
""currentRevisionId"": ""69e2abd483d366d4bf6e3711"",
""id"": ""69e2abd483d366d4bf6e370f""
},
""mailResult"": {
""provider"": ""smtp01Mailer"",
""success"": false,
""error"": [
{
""target"": {
""subject"": ""test csr reply"",
""html"": ""test csr reply\n<p><a href='https://dev1002.dev.www.idlookup.ai/test/development.html?type=contactCsrReply&hash=c3c54e5db1cfb633ce9a35728d175da5&contactMessageId=69e2a32d83d366d4bf6e2f69'>Reply</a></p>"",
""attachments"": []
},
""property"": ""to"",
""children"": [],
""constraints"": {
""isEmail"": ""to must be an email"",
""isNotEmpty"": ""to should not be empty""
}
}
]
}
}",
"Find Contact Messages Edited on 2026-04-17
Edited on 2026-03-27

csrWrapper.api.message.contact.find",/api/contactMessage/admin/find,get,"csrWrapper.api.message.contact.find({ lastId })

Retrieves contact messages.
(The records are sorted by the date of the last reply if there is one, and by the date of the contact if there is no reply.)

params
- lastId: (optional)

response
- Each record can have a latestReply field.
- latestReply is the last reply for the contact. (userReply, csrReply)

",,"{
""docs"": [
{
""_id"": ""69e2ad3983d366d4bf6e3854"",
""index"": [],
""type"": ""contact"",
""ownerId"": ""6943179e90625d3dbeadf6f7"",
""referenceIds"": [],
""permissionIds"": [],
""hash"": ""17a9a09c8ffc49dd37a0e3cc8a77bfcf"",
""content"": {
""category"": ""general"",
""input"": {
""topic"": ""Test topic"",
""name"": ""Tim Chin"",
""email"": ""test123Q@bytecrtrs.com"",
""phone"": ""8054320540"",
""description"": ""description"",
""orderId"": ""698e181e2537a200cd94646c""
}
},
""attachments"": [],
""createdAt"": ""2026-04-17T21:59:21.106Z"",
""updatedAt"": ""2026-04-17T21:59:21.113Z"",
""createdTimestamp"": 1776463161106,
""updatedTimestamp"": 1776463161106,
""trackingIds"": {
""trackingId"": ""69e2ad3983d366d4bf6e3850"",
""sessionId"": ""eF1FWlXWPp6iA8dv9BbSXE3aErXDE7jt"",
""clientId"": ""q0C7yvVel6oo2VqueV0txkFfRsZWLEg4"",
""apiId"": ""XGMBUDn3tqnZbybmTs0yiFcYpmR6TNog""
},
""brandId"": ""bytecrtrs"",
""shConId"": ""69129afbeee8fa241c86c9c2"",
""shColId"": ""69431f043a915bc1be68b4bc"",
""shTimestamp"": 1776462758866,
""updaterId"": ""6943179e90625d3dbeadf6f7"",
""__v"": 1,
""currentRevisionId"": ""69e2ad3983d366d4bf6e3856"",
""latestReply"": null
},
{
""_id"": ""69e2a32d83d366d4bf6e2f69"",
""index"": [],
""type"": ""contact"",
""ownerHash"": ""59ByuGKm1QCoSpi2WBy66shjG5f50IXf"",
""referenceIds"": [],
""permissionIds"": [],
""hash"": ""c3c54e5db1cfb633ce9a35728d175da5"",
""content"": {
""category"": ""billing"",
""input"": {
""date"": [
""2026-04-17T21:16:29.466Z""
],
""name"": ""Tim Chin"",
""email"": ""test123Q@bytecrtrs.com"",
""zip"": ""90000"",
""last4"": ""1111""
}
},
""attachments"": [],
""createdAt"": ""2026-04-17T21:16:29.965Z"",
""updatedAt"": ""2026-04-17T21:16:29.977Z"",
""createdTimestamp"": 1776460589965,
""updatedTimestamp"": 1776460589965,
""trackingIds"": {
""trackingId"": ""69e2a32d83d366d4bf6e2f66"",
""sessionId"": ""59ByuGKm1QCoSpi2WBy66shjG5f50IXf"",
""clientId"": ""akPWcVoOvOfBSAJNaY0JpHK4bOPt4zZ7"",
""apiId"": ""mUsZ38I2jDK4L47ris1yc7cU98uVZI4L""
},
""brandId"": ""idlookup"",
""shConId"": ""69a2380b53ecf9b049d01fbb"",
""shColId"": ""69aa41b648af3b202e7fb065"",
""shTimestamp"": 1776458031094,
""__v"": 1,
""currentRevisionId"": ""69e2a32d83d366d4bf6e2f6b"",
""latestReply"": {
""_id"": ""69e2abd483d366d4bf6e370f"",
""index"": [],
""type"": ""contactCsrReply"",
""ownerId"": ""6943179e90625d3dbeadf6f7"",
""parentId"": ""69e2a32d83d366d4bf6e2f69"",
""referenceIds"": [],
""permissionIds"": [],
""content"": {
""subject"": ""test csr reply"",
""message"": ""test csr reply\n<p><a href=\""https://dev1002.dev.www.idlookup.ai/test/development.html?type=contactCsrReply&amp;hash=c3c54e5db1cfb633ce9a35728d175da5&amp;contactMessageId=69e2a32d83d366d4bf6e2f69\"">Reply</a></p>"",
""contentType"": ""text/html""
},
""attachments"": [],
""createdAt"": ""2026-04-17T21:53:24.515Z"",
""updatedAt"": ""2026-04-17T21:53:24.523Z"",
""createdTimestamp"": 1776462804515,
""updatedTimestamp"": 1776462804515,
""trackingIds"": {
""trackingId"": ""69e2abd483d366d4bf6e370a"",
""sessionId"": ""eF1FWlXWPp6iA8dv9BbSXE3aErXDE7jt"",
""clientId"": ""4p6Q9kL2ABUzGwAsG3y3D3xvPj7PZEsh"",
""apiId"": ""rAVsz8ZOfcT2iZYMwjM3tdeXoIftZz7y""
},
""brandId"": ""bytecrtrs"",
""shConId"": ""69129afbeee8fa241c86c9c2"",
""shColId"": ""69431f043a915bc1be68b4bc"",
""shTimestamp"": 1776462758866,
""updaterId"": ""6943179e90625d3dbeadf6f7"",
""__v"": 1,
""currentRevisionId"": ""69e2abd483d366d4bf6e3711""
}
}
],
""noMoreDocs"": false
}",
"Find Contact Histories Added on 2026-04-17

csrWrapper.api.message.contact.histories",/api/contactMessage/admin/histories,get,"csrWrapper.api.message.contact.histories({ contactMessageId, lastId })

You can view the entire thread for the contact message (contact, userReply, csrReply).

params
- contactMessageId : _id of [Find Contact Messages] 
- lastId (optional)",,,
"Get Contact Message Reply Link Url Added on 2026-04-17

csrWrapper.api.message.contact.replyLinkUrl",/api/contactMessage/admin/replyUrl,get,"csrWrapper.api.message.contact.replyLinkUrl({ messageId });

Get the reply link address for contactMessage.

param
- messageId : _id(contact, userReply, csrReply)",,"{ 
""replyLinkUrl"": ""https://dev1002.dev.www.idlookup.ai/test/development.html?type=contact&hash=c3c54e5db1cfb633ce9a35728d175da5&contactMessageId=69e2a32d83d366d4bf6e2f69"" 
}",
"Set Actor To Contact Message Addon on 2026-04-17

csrWrapper.api.message.contact.setActor",/api/contactMessage/admin/setActor,post,"csrWrapper.api.message.contact.setActor({ contactMessageId, currentRevisionId, actorId })

Assigns an admin or CSR user (_id) to the contact message.
Once the actorId is assigned, the value is stored in the contact message's content.actorId.

params
- contactMessageId : _id of contact message
- currentRevisionId : currentRevisionId of contact message
- actorId (optional) : admin or csr user._id (if no value is passed, it is assigned to the _id of the currently logged-in admin or csr)",,"{
""_id"": ""69e2a32d83d366d4bf6e2f69"",
""index"": [],
""type"": ""contact"",
""ownerHash"": ""59ByuGKm1QCoSpi2WBy66shjG5f50IXf"",
""referenceIds"": [],
""permissionIds"": [],
""hash"": ""c3c54e5db1cfb633ce9a35728d175da5"",
""content"": {
""category"": ""billing"",
""input"": {
""date"": [
""2026-04-17T21:16:29.466Z""
],
""name"": ""Tim Chin"",
""email"": ""test123Q@bytecrtrs.com"",
""zip"": ""90000"",
""last4"": ""1111""
},
""actorId"": ""6943179e90625d3dbeadf6f7""
},
""attachments"": [],
""createdAt"": ""2026-04-17T21:16:29.965Z"",
""updatedAt"": ""2026-04-17T22:31:00.983Z"",
""createdTimestamp"": 1776460589965,
""updatedTimestamp"": 1776460589965,
""trackingIds"": {
""trackingId"": ""69e2a32d83d366d4bf6e2f66"",
""sessionId"": ""59ByuGKm1QCoSpi2WBy66shjG5f50IXf"",
""clientId"": ""akPWcVoOvOfBSAJNaY0JpHK4bOPt4zZ7"",
""apiId"": ""mUsZ38I2jDK4L47ris1yc7cU98uVZI4L""
},
""brandId"": ""idlookup"",
""shConId"": ""69a2380b53ecf9b049d01fbb"",
""shColId"": ""69aa41b648af3b202e7fb065"",
""shTimestamp"": 1776458031094,
""__v"": 2,
""currentRevisionId"": ""69e2b4a483d366d4bf6e3be6"",
""updaterId"": ""6943179e90625d3dbeadf6f7"",
""id"": ""69e2a32d83d366d4bf6e2f69""
}",
"Set Target User To Contact Message Added on 2026-04-17

csrWrapper.api.message.contact.setTargetUser",/api/contactMessage/admin/setTargetUserId,post,"csrWrapper.api.message.contact.setTargetUser({ contactMessageId, currentRevisionId, targetUserId })

Assigns a contact message to a specific user ID.
(You can group and view multiple created contacts by assigning them to a specific user. [Find User Contacts])

params
- contactMessageId : _id of contact message 
- currentRevisionId : currentRevisionId of contact message
- targetUserId : user._id",,,
"Set Tags To Contact Message Added on 2026-04-17

csrWrapper.api.message.contact.setTags",/api/contactMessage/admin/setTags,post,"csrWrapper.api.message.contact.setTags({ contactMessageId, tags })

The saved tags are stored in message.index.

params
- contactMessageId : _id of contact message 
- tags : string[] (Replace the existing tags with new ones.)",,"{ 
""_id"": ""69e2a32d83d366d4bf6e2f69"", 
""index"": [ 
""anyfile"", 
""custom"" 
], 
""type"": ""contact"", 
""ownerHash"": ""59ByuGKm1QCoSpi2WBy66shjG5f50IXf"", 
""referenceIds"": [], 
""permissionIds"": [], 
""hash"": ""c3c54e5db1cfb633ce9a35728d175da5"", 
""content"": { 
""category"": ""billing"", 
""input"": { 
""date"": [ 
""2026-04-17T21:16:29.466Z"" 
], 
""name"": ""Tim Chin"", 
""email"": ""test123Q@bytecrtrs.com"", 
""zip"": ""90000"", 
""last4"": ""1111"" 
}, 
""actorId"": ""6943179e90625d3dbeadf6f7"" 
}, 
""attachments"": [], 
""createdAt"": ""2026-04-17T21:16:29.965Z"", 
""updatedAt"": ""2026-04-17T22:39:10.548Z"", 
""createdTimestamp"": 1776460589965, 
""updatedTimestamp"": 1776460589965, 
""trackingIds"": { 
""trackingId"": ""69e2a32d83d366d4bf6e2f66"", 
""sessionId"": ""59ByuGKm1QCoSpi2WBy66shjG5f50IXf"", 
""clientId"": ""akPWcVoOvOfBSAJNaY0JpHK4bOPt4zZ7"", 
""apiId"": ""mUsZ38I2jDK4L47ris1yc7cU98uVZI4L"" 
}, 
""brandId"": ""idlookup"", 
""shConId"": ""69a2380b53ecf9b049d01fbb"", 
""shColId"": ""69aa41b648af3b202e7fb065"", 
""shTimestamp"": 1776458031094, 
""__v"": 4, 
""currentRevisionId"": ""69e2b68e83d366d4bf6e3cd8"", 
""updaterId"": ""6943179e90625d3dbeadf6f7"", 
""id"": ""69e2a32d83d366d4bf6e2f69"" 
}",
"Find User Orders

csrWrapper.api.user.findOrders",/api/commerceMgnt/userOrders,post,"csrWrapper.api.user.findOrders({ 
userId: '69aa174aba9d8bf27771b282', 
});

param
- lastOrderId: (optional) Pass lastOrderId to get the next N orders.

response
- schedule: This is the next payment schedule for this order. You can change the next schedule time with [Update Schedule DueTimestamp].",,"{
""orders"": [
{
""_id"": ""69aa174aba9d8bf27771b299"",
""index"": [],
""status"": ""inactive"",
""referenceIds"": [],
""permissionIds"": [],
""shConId"": ""69431fc43a915bc1be68b520"",
""shColId"": ""694e14fca3088d7e6b682a12"",
""shTimestamp"": 1772654358275,
""payeeId"": ""6943179e90625d3dbeadf6f7"",
""payerId"": ""69aa174aba9d8bf27771b282"",
""commerceTokens"": [
""69aa174aba9d8bf27771b292""
],
""commerceOffers"": [
""6913e0e0a4b8675e90771be7""
],
""commerceOfferRevisions"": [
{
""_id"": ""69a105f42f81321b1bd998ff"",
""trackingIds"": {
""trackingId"": ""69a105f42f81321b1bd998fa"",
""sessionId"": ""xhSxJYAsiFgsXLvJT5rAP-wdHaCpHCUK"",
""clientId"": ""QeE97rWA8TMSZhIKYjdKVsOvfYlouJEs"",
""apiId"": ""IotngwFRoPIonbtrpsJ355L9e2oNrVKp""
},
""createdTimestamp"": 1772160500336,
""referenceId"": ""6913e0e0a4b8675e90771be7"",
""referenceCollection"": ""commerceoffers"",
""reference"": {
""_id"": ""6913e0e0a4b8675e90771be7"",
""index"": [],
""status"": ""active"",
""referenceIds"": [],
""permissionIds"": [],
""name"": ""membership.offer.default.1"",
""description"": ""default offer"",
""extName"": ""DEFAULT OFFER 1"",
""commerceProductDetail"": [
{
""commerceProduct"": ""6913e0c3a4b8675e90771bd6"",
""commerceStockDetail"": {
""commerceStock"": ""6913e0aea4b8675e90771bcb"",
""quantity"": 50,
""period"": {
""quantity"": 1,
""unit"": ""y""
}
}
},
{
""commerceProduct"": ""6913e12fa4b8675e90771bf2"",
""commerceStockDetail"": {
""commerceStock"": ""6913e0aea4b8675e90771bcb"",
""quantity"": 10,
""period"": {
""quantity"": 1,
""unit"": ""d""
}
}
}
],
""commercePrice"": {
""prices"": [
{
""amount"": 1.99,
""code"": """",
""sequence"": ""v.s == 0"",
""period"": {
""quantity"": 7,
""unit"": ""d""
},
""options"": {
""test"": 123
}
},
{
""amount"": 39.99,
""code"": """",
""sequence"": ""v.s > 0"",
""period"": {
""quantity"": 1,
""unit"": ""m""
}
},
{
""amount"": 0,
""code"": """",
""sequence"": ""v.s > 0"",
""period"": {
""quantity"": 1,
""unit"": ""m""
}
}
]
},
""provides"": [],
""__v"": 45,
""createdAt"": ""2025-11-12T01:20:32.953Z"",
""updatedAt"": ""2026-02-27T02:48:20.324Z"",
""currentRevisionId"": ""69a105f22f81321b1bd998ef"",
""commercePriceRules"": [
{
""_DESC_"": ""S0"",
""priority"": 1,
""conditions"": [
{
""sequence"": 0
}
],
""candidates"": [
{
""id"": {
""amount"": 1.01,
""code"": ""usd"",
""period"": {
""quantity"": 7,
""unit"": ""d""
}
},
""weight"": 1
}
]
},
{
""_DESC_"": ""S1+"",
""priority"": 2,
""conditions"": [
{
""sequence"": ""v > 0""
}
],
""candidates"": [
{
""id"": {
""amount"": 39.01,
""code"": ""usd"",
""period"": {
""quantity"": 30,
""unit"": ""d""
}
},
""weight"": 1
}
]
}
],
""updaterId"": ""6943179e90625d3dbeadf6f7"",
""option"": {
""nonMemberOnly"": true
},
""extDesc"": ""11""
},
""createdAt"": ""2026-02-27T02:48:20.337Z"",
""updatedAt"": ""2026-02-27T02:48:20.337Z"",
""__v"": 0
}
],
""commerceOfferInfos"": [
{
""commerceOfferId"": ""6913e0e0a4b8675e90771be7"",
""commerceOfferRevisionId"": ""69a105f42f81321b1bd998ff"",
""commerceProductInfos"": [
{
""commerceProductId"": ""6913e0c3a4b8675e90771bd6"",
""commerceProductRevisionId"": ""699fbbb626a1804895701525"",
""commerceStockInfo"": {
""commerceStockId"": ""69aa174aba9d8bf27771b297"",
""commerceStockRevisionId"": null,
""options"": null
},
""options"": null
},
{
""commerceProductId"": ""6913e12fa4b8675e90771bf2"",
""commerceProductRevisionId"": ""699fbbbc26a1804895701530"",
""commerceStockInfo"": {
""commerceStockId"": ""69aa174aba9d8bf27771b298"",
""commerceStockRevisionId"": null,
""options"": null
},
""options"": null
}
],
""options"": null
}
],
""commercePriceRules"": [
{
""_DESC_"": ""S0"",
""priority"": 1,
""conditions"": [
{
""sequence"": 0
}
],
""candidates"": [
{
""id"": {
""amount"": 1.01,
""code"": ""usd"",
""period"": {
""quantity"": 7,
""unit"": ""d""
}
},
""weight"": 1
}
]
},
{
""_DESC_"": ""S1+"",
""priority"": 2,
""conditions"": [
{
""sequence"": ""v > 0""
}
],
""candidates"": [
{
""id"": {
""amount"": 39.01,
""code"": ""usd"",
""period"": {
""quantity"": 30,
""unit"": ""d""
}
},
""weight"": 1
}
]
}
],
""sequenceOption"": {
""thinMatch"": false,
""thinMatchDataProviderDown"": false,
""thinMatchTooManyResults"": false,
""thinMatchNoResults"": false,
""thinMatchGeographic"": false
},
""ipAddress"": ""110.47.168.218"",
""refer"": {
""partnerId"": ""p1"",
""afid"": ""af1"",
""abc"": ""bcd""
},
""sessionDuration"": 100404478,
""orderTimestamp"": 1772754762746,
""nonMemberOnly"": true,
""immediateRetry"": false,
""immediateRetryCount"": 0,
""createdAt"": ""2026-03-05T23:52:42.767Z"",
""updatedAt"": ""2026-03-05T23:53:32.630Z"",
""createdTimestamp"": 1772754762767,
""updatedTimestamp"": 1772754762767,
""trackingIds"": {
""trackingId"": ""69aa174aba9d8bf27771b278"",
""sessionId"": ""xFG6e8TyZ_fhXVeNZp_YXIKcHAfoXD5G"",
""clientId"": ""51snnjg9TmuzdRgWqkR2aYKAs8wkWB00"",
""apiId"": ""Mn20NFBgGaqCUpypYIiDxAmSlsqmPrZu""
},
""brandId"": ""idlookup"",
""__v"": 7,
""currentRevisionId"": ""69aa177cba9d8bf27771b3c6"",
""statusReason"": ""correct|refund"",
""updaterId"": ""6943179e90625d3dbeadf6f7"",
""subStatus"": ""expired"",
""orderHistories"": [
{
""_id"": ""69aa177cba9d8bf27771b3c6"",
""status"": ""inactive"",
""subStatus"": ""expired"",
""statusReason"": ""correct|refund"",
""updaterId"": ""6943179e90625d3dbeadf6f7"",
""createdAt"": ""2026-03-05T23:53:32.624Z"",
""updaterName"": ""BC Admin""
},
{
""_id"": ""69aa1772ba9d8bf27771b384"",
""status"": ""inactive"",
""subStatus"": ""expired"",
""statusReason"": ""correct|refund"",
""updaterId"": ""6943179e90625d3dbeadf6f7"",
""createdAt"": ""2026-03-05T23:53:22.556Z"",
""updaterName"": ""BC Admin""
},
{
""_id"": ""69aa1766ba9d8bf27771b33e"",
""status"": ""inactive"",
""subStatus"": ""expired"",
""statusReason"": ""correct|refund"",
""updaterId"": ""6943179e90625d3dbeadf6f7"",
""createdAt"": ""2026-03-05T23:53:10.860Z"",
""updaterName"": ""BC Admin""
},
{
""_id"": ""69aa174bba9d8bf27771b2c6"",
""status"": ""active"",
""statusReason"": ""SuccessfulTx"",
""updaterId"": ""69aa174aba9d8bf27771b282"",
""createdAt"": ""2026-03-05T23:52:43.152Z"",
""updaterName"": ""TestFname TestLnameaaa""
}
],
""commercePayments"": [
{
""_id"": ""69aa177cba9d8bf27771b3be"",
""index"": [],
""type"": ""refund"",
""status"": ""fulfilled"",
""parentId"": ""69aa174aba9d8bf27771b2a2"",
""referenceIds"": [],
""permissionIds"": [],
""brandId"": ""idlookup"",
""shConId"": ""69431fc43a915bc1be68b520"",
""shColId"": ""694e14fca3088d7e6b682a12"",
""shTimestamp"": 1772654358275,
""childrenTypes"": [],
""billingId"": ""correct|GLCBbc9y31S4nKvJRx2ghpvcrmCPqSAj|Ljkz1Xbd8dDJo22oRkINp0gCj7zVcmt8|1772754811392|W7zqFlgC"",
""payeeId"": ""6943179e90625d3dbeadf6f7"",
""payerId"": ""69aa174aba9d8bf27771b282"",
""commerceOrder"": ""69aa174aba9d8bf27771b299"",
""commerceTransaction"": ""69aa174aba9d8bf27771b2a0"",
""commerceToken"": ""69aa174aba9d8bf27771b292"",
""velocityOptionKeys"": [],
""paymentTimestamp"": 1772754812471,
""totalPrice"": {
""code"": ""usd"",
""amount"": 0.2
},
""sequence"": 0,
""retry"": 0,
""sequenceOption"": {
""thinMatch"": false,
""thinMatchDataProviderDown"": false,
""thinMatchTooManyResults"": false,
""thinMatchNoResults"": false,
""thinMatchGeographic"": false
},
""commerceBillingRouting"": {
""typeSticky"": ""commerceToken"",
""processorId"": ""pdsActive"",
""processorSticky"": ""soft"",
""gateway"": ""nmi""
},
""transactionMeta"": {
""billingSeriesId"": ""correct|GLCBbc9y31S4nKvJRx2ghpvcrmCPqSAj|Ljkz1Xbd8dDJo22oRkINp0gCj7zVcmt8|1772754811392|W7zqFlgC"",
""saleLikeTxBlocker"": false,
""nonMemberOnly"": true,
""immediateRetry"": false,
""immediateRetryCount"": 0,
""quadZero"": false,
""dropCvv"": false,
""passthru"": false,
""cascade"": false
},
""createdAt"": ""2026-03-05T23:53:32.473Z"",
""updatedAt"": ""2026-03-05T23:53:32.644Z"",
""createdTimestamp"": 1772754812473,
""updatedTimestamp"": 1772754812473,
""trackingIds"": {
""trackingId"": ""69aa177cba9d8bf27771b3ab"",
""sessionId"": ""3UzHKvfDHxV32Y3_MygD2dpWqY7OVOlM"",
""clientId"": ""GLCBbc9y31S4nKvJRx2ghpvcrmCPqSAj"",
""apiId"": ""Ljkz1Xbd8dDJo22oRkINp0gCj7zVcmt8""
},
""updaterId"": ""6943179e90625d3dbeadf6f7"",
""__v"": 3,
""currentRevisionId"": ""69aa177cba9d8bf27771b3d0"",
""gatewayTransactionId"": ""69aa177c96fc315cf25a4275"",
""gatewayTransactionStatus"": ""fulfilled"",
""rawRequest"": {
""username"": ""test-bytecrtrs"",
""type"": ""refund"",
""amount"": 0.2,
""transactionid"": ""831398256""
},
""rawResponse"": ""response=1&responsetext=EmulatorResponseText&authcode=585184159&transactionid=357610345&avsresponse=Y&cvvresponse=M&orderid=undefined&type=refund&response_code=100&emulator=true&httpStatusCode=200&processor_id=emulator"",
""requestResult"": {
""httpStatusCode"": 200,
""authCode"": null,
""externalId"": ""357610345"",
""processorId"": ""emulator"",
""primaryCode"": ""100"",
""primaryCodeMessage"": ""100:EmulatorResponseText"",
""codes"": [
""success""
],
""codeMessages"": [
""EmulatorResponseText""
],
""results"": {
""response"": ""1"",
""responsetext"": ""EmulatorResponseText"",
""authcode"": ""585184159"",
""transactionid"": ""357610345"",
""avsresponse"": ""Y"",
""cvvresponse"": ""M"",
""orderid"": ""undefined"",
""type"": ""refund"",
""response_code"": ""100"",
""emulator"": ""true"",
""httpStatusCode"": ""200"",
""processor_id"": ""emulator""
}
},
""serverTrackingIds"": {
""trackingId"": ""69aa177ccacbb8c02671abc4"",
""sessionId"": ""sRUXkUOGcv8gIi1wkq9dbWKdz1Lvk6oj"",
""clientId"": ""GLCBbc9y31S4nKvJRx2ghpvcrmCPqSAj"",
""apiId"": ""Ljkz1Xbd8dDJo22oRkINp0gCj7zVcmt8""
},
""updaterName"": ""BC Admin"",
""transient"": {
""amount"": {
""authorized"": 0,
""collected"": 0,
""refunded"": 0.2
}
}
},
{
""_id"": ""69aa1772ba9d8bf27771b37c"",
""index"": [],
""type"": ""refund"",
""status"": ""fulfilled"",
""parentId"": ""69aa174aba9d8bf27771b2a2"",
""referenceIds"": [],
""permissionIds"": [],
""brandId"": ""idlookup"",
""shConId"": ""69431fc43a915bc1be68b520"",
""shColId"": ""694e14fca3088d7e6b682a12"",
""shTimestamp"": 1772654358275,
""childrenTypes"": [],
""billingId"": ""correct|GLCBbc9y31S4nKvJRx2ghpvcrmCPqSAj|TqfEbU1o82OF55LKSl4bZZ4NEGYJw2JX|1772754801360|TlrZiwMG"",
""payeeId"": ""6943179e90625d3dbeadf6f7"",
""payerId"": ""69aa174aba9d8bf27771b282"",
""commerceOrder"": ""69aa174aba9d8bf27771b299"",
""commerceTransaction"": ""69aa174aba9d8bf27771b2a0"",
""commerceToken"": ""69aa174aba9d8bf27771b292"",
""velocityOptionKeys"": [],
""paymentTimestamp"": 1772754802395,
""totalPrice"": {
""code"": ""usd"",
""amount"": 0.1
},
""sequence"": 0,
""retry"": 0,
""sequenceOption"": {
""thinMatch"": false,
""thinMatchDataProviderDown"": false,
""thinMatchTooManyResults"": false,
""thinMatchNoResults"": false,
""thinMatchGeographic"": false
},
""commerceBillingRouting"": {
""typeSticky"": ""commerceToken"",
""processorId"": ""pdsActive"",
""processorSticky"": ""soft"",
""gateway"": ""nmi""
},
""transactionMeta"": {
""billingSeriesId"": ""correct|GLCBbc9y31S4nKvJRx2ghpvcrmCPqSAj|TqfEbU1o82OF55LKSl4bZZ4NEGYJw2JX|1772754801360|TlrZiwMG"",
""saleLikeTxBlocker"": false,
""nonMemberOnly"": true,
""immediateRetry"": false,
""immediateRetryCount"": 0,
""quadZero"": false,
""dropCvv"": false,
""passthru"": false,
""cascade"": false
},
""createdAt"": ""2026-03-05T23:53:22.397Z"",
""updatedAt"": ""2026-03-05T23:53:22.571Z"",
""createdTimestamp"": 1772754802397,
""updatedTimestamp"": 1772754802397,
""trackingIds"": {
""trackingId"": ""69aa1772ba9d8bf27771b369"",
""sessionId"": ""3UzHKvfDHxV32Y3_MygD2dpWqY7OVOlM"",
""clientId"": ""GLCBbc9y31S4nKvJRx2ghpvcrmCPqSAj"",
""apiId"": ""TqfEbU1o82OF55LKSl4bZZ4NEGYJw2JX""
},
""updaterId"": ""6943179e90625d3dbeadf6f7"",
""__v"": 3,
""currentRevisionId"": ""69aa1772ba9d8bf27771b38e"",
""gatewayTransactionId"": ""69aa177296fc315cf25a4261"",
""gatewayTransactionStatus"": ""fulfilled"",
""rawRequest"": {
""username"": ""test-bytecrtrs"",
""type"": ""refund"",
""amount"": 0.1,
""transactionid"": ""831398256""
},
""rawResponse"": ""response=1&responsetext=EmulatorResponseText&authcode=829950966&transactionid=125542975&avsresponse=Y&cvvresponse=M&orderid=undefined&type=refund&response_code=100&emulator=true&httpStatusCode=200&processor_id=emulator"",
""requestResult"": {
""httpStatusCode"": 200,
""authCode"": null,
""externalId"": ""125542975"",
""processorId"": ""emulator"",
""primaryCode"": ""100"",
""primaryCodeMessage"": ""100:EmulatorResponseText"",
""codes"": [
""success""
],
""codeMessages"": [
""EmulatorResponseText""
],
""results"": {
""response"": ""1"",
""responsetext"": ""EmulatorResponseText"",
""authcode"": ""829950966"",
""transactionid"": ""125542975"",
""avsresponse"": ""Y"",
""cvvresponse"": ""M"",
""orderid"": ""undefined"",
""type"": ""refund"",
""response_code"": ""100"",
""emulator"": ""true"",
""httpStatusCode"": ""200"",
""processor_id"": ""emulator""
}
},
""serverTrackingIds"": {
""trackingId"": ""69aa1772cacbb8c02671abbd"",
""sessionId"": ""j6s2O05VFMN0wPOMYi6_P9IlAiGbzFsW"",
""clientId"": ""GLCBbc9y31S4nKvJRx2ghpvcrmCPqSAj"",
""apiId"": ""TqfEbU1o82OF55LKSl4bZZ4NEGYJw2JX""
},
""updaterName"": ""BC Admin"",
""transient"": {
""amount"": {
""authorized"": 0,
""collected"": 0,
""refunded"": 0.1
}
}
},
{
""_id"": ""69aa1766ba9d8bf27771b336"",
""index"": [],
""type"": ""refund"",
""status"": ""fulfilled"",
""parentId"": ""69aa174aba9d8bf27771b2a2"",
""referenceIds"": [],
""permissionIds"": [],
""brandId"": ""idlookup"",
""shConId"": ""69431fc43a915bc1be68b520"",
""shColId"": ""694e14fca3088d7e6b682a12"",
""shTimestamp"": 1772654358275,
""childrenTypes"": [],
""billingId"": ""correct|GLCBbc9y31S4nKvJRx2ghpvcrmCPqSAj|Gjdo80atRFlXauMdRQVa5qpfRb3urzmd|1772754789654|PJQHivzF"",
""payeeId"": ""6943179e90625d3dbeadf6f7"",
""payerId"": ""69aa174aba9d8bf27771b282"",
""commerceOrder"": ""69aa174aba9d8bf27771b299"",
""commerceTransaction"": ""69aa174aba9d8bf27771b2a0"",
""commerceToken"": ""69aa174aba9d8bf27771b292"",
""velocityOptionKeys"": [],
""paymentTimestamp"": 1772754790694,
""totalPrice"": {
""code"": ""usd"",
""amount"": 0.1
},
""sequence"": 0,
""retry"": 0,
""sequenceOption"": {
""thinMatch"": false,
""thinMatchDataProviderDown"": false,
""thinMatchTooManyResults"": false,
""thinMatchNoResults"": false,
""thinMatchGeographic"": false
},
""commerceBillingRouting"": {
""typeSticky"": ""commerceToken"",
""processorId"": ""pdsActive"",
""processorSticky"": ""soft"",
""gateway"": ""nmi""
},
""transactionMeta"": {
""billingSeriesId"": ""correct|GLCBbc9y31S4nKvJRx2ghpvcrmCPqSAj|Gjdo80atRFlXauMdRQVa5qpfRb3urzmd|1772754789654|PJQHivzF"",
""saleLikeTxBlocker"": false,
""nonMemberOnly"": true,
""immediateRetry"": false,
""immediateRetryCount"": 0,
""quadZero"": false,
""dropCvv"": false,
""passthru"": false,
""cascade"": false
},
""createdAt"": ""2026-03-05T23:53:10.697Z"",
""updatedAt"": ""2026-03-05T23:53:10.880Z"",
""createdTimestamp"": 1772754790697,
""updatedTimestamp"": 1772754790697,
""trackingIds"": {
""trackingId"": ""69aa1766ba9d8bf27771b323"",
""sessionId"": ""3UzHKvfDHxV32Y3_MygD2dpWqY7OVOlM"",
""clientId"": ""GLCBbc9y31S4nKvJRx2ghpvcrmCPqSAj"",
""apiId"": ""Gjdo80atRFlXauMdRQVa5qpfRb3urzmd""
},
""updaterId"": ""6943179e90625d3dbeadf6f7"",
""__v"": 3,
""currentRevisionId"": ""69aa1766ba9d8bf27771b349"",
""gatewayTransactionId"": ""69aa176696fc315cf25a4252"",
""gatewayTransactionStatus"": ""fulfilled"",
""rawRequest"": {
""username"": ""test-bytecrtrs"",
""type"": ""refund"",
""amount"": 0.1,
""transactionid"": ""831398256""
},
""rawResponse"": ""response=1&responsetext=EmulatorResponseText&authcode=741240092&transactionid=224346794&avsresponse=Y&cvvresponse=M&orderid=undefined&type=refund&response_code=100&emulator=true&httpStatusCode=200&processor_id=emulator"",
""requestResult"": {
""httpStatusCode"": 200,
""authCode"": null,
""externalId"": ""224346794"",
""processorId"": ""emulator"",
""primaryCode"": ""100"",
""primaryCodeMessage"": ""100:EmulatorResponseText"",
""codes"": [
""success""
],
""codeMessages"": [
""EmulatorResponseText""
],
""results"": {
""response"": ""1"",
""responsetext"": ""EmulatorResponseText"",
""authcode"": ""741240092"",
""transactionid"": ""224346794"",
""avsresponse"": ""Y"",
""cvvresponse"": ""M"",
""orderid"": ""undefined"",
""type"": ""refund"",
""response_code"": ""100"",
""emulator"": ""true"",
""httpStatusCode"": ""200"",
""processor_id"": ""emulator""
}
},
""serverTrackingIds"": {
""trackingId"": ""69aa1766cacbb8c02671abb6"",
""sessionId"": ""ZRb1OHchbB2PwLoudmu5Gbz4_0zFgR5r"",
""clientId"": ""GLCBbc9y31S4nKvJRx2ghpvcrmCPqSAj"",
""apiId"": ""Gjdo80atRFlXauMdRQVa5qpfRb3urzmd""
},
""updaterName"": ""BC Admin"",
""transient"": {
""amount"": {
""authorized"": 0,
""collected"": 0,
""refunded"": 0.1
}
}
},
{
""_id"": ""69aa174aba9d8bf27771b2a2"",
""index"": [],
""type"": ""sale"",
""status"": ""fulfilled"",
""referenceIds"": [],
""permissionIds"": [],
""shConId"": ""69431fc43a915bc1be68b520"",
""shColId"": ""694e14fca3088d7e6b682a12"",
""shTimestamp"": 1772654358275,
""childrenTypes"": [
""refund""
],
""billingId"": ""sale|51snnjg9TmuzdRgWqkR2aYKAs8wkWB00|Mn20NFBgGaqCUpypYIiDxAmSlsqmPrZu|1772754761668|iZ7pSQWH"",
""payeeId"": ""6943179e90625d3dbeadf6f7"",
""payerId"": ""69aa174aba9d8bf27771b282"",
""commerceOrder"": ""69aa174aba9d8bf27771b299"",
""commerceTransaction"": ""69aa174aba9d8bf27771b2a0"",
""commerceToken"": ""69aa174aba9d8bf27771b292"",
""velocityOptionKeys"": [
""declineDisputeCcNumber"",
""declineTooManySignupAttempts"",
""declineDupSignup""
],
""ipAddress"": ""110.47.168.218"",
""device"": ""desktop"",
""paymentTimestamp"": 1772754762746,
""totalPrice"": {
""code"": ""usd"",
""amount"": 1.01
},
""sequence"": 0,
""retry"": 0,
""sequenceOption"": {
""thinMatch"": false,
""thinMatchDataProviderDown"": false,
""thinMatchTooManyResults"": false,
""thinMatchNoResults"": false,
""thinMatchGeographic"": false
},
""commerceBillingRouting"": {
""typeSticky"": ""commerceToken"",
""processorId"": ""pdsActive"",
""processorSticky"": ""soft"",
""gateway"": ""nmi""
},
""storedCredentialOption"": {
""resetStoredCredential"": true,
""initiatedBy"": ""customer"",
""storedCredentialIndicator"": ""stored""
},
""transactionMeta"": {
""billingSeriesId"": ""sale|51snnjg9TmuzdRgWqkR2aYKAs8wkWB00|Mn20NFBgGaqCUpypYIiDxAmSlsqmPrZu|1772754761668|iZ7pSQWH"",
""saleLikeTxBlocker"": false,
""nonMemberOnly"": true,
""immediateRetry"": false,
""immediateRetryCount"": 0,
""quadZero"": false,
""dropCvv"": false,
""passthru"": false,
""cascade"": false
},
""createdAt"": ""2026-03-05T23:52:42.802Z"",
""updatedAt"": ""2026-03-05T23:53:10.883Z"",
""createdTimestamp"": 1772754762802,
""updatedTimestamp"": 1772754762802,
""trackingIds"": {
""trackingId"": ""69aa174aba9d8bf27771b278"",
""sessionId"": ""xFG6e8TyZ_fhXVeNZp_YXIKcHAfoXD5G"",
""clientId"": ""51snnjg9TmuzdRgWqkR2aYKAs8wkWB00"",
""apiId"": ""Mn20NFBgGaqCUpypYIiDxAmSlsqmPrZu""
},
""brandId"": ""idlookup"",
""__v"": 5,
""currentRevisionId"": ""69aa1766ba9d8bf27771b34b"",
""gatewayTransactionId"": ""69aa174a96fc315cf25a4241"",
""gatewayTransactionStatus"": ""fulfilled"",
""passable"": true,
""rawRequest"": {
""username"": ""test-bytecrtrs"",
""type"": ""sale"",
""amount"": 1.01,
""ccnumber"": ""411111******1111"",
""ccexp"": ""1230"",
""cvv"": ""***"",
""firstname"": ""TestFname"",
""lastname"": ""TestLname"",
""zip"": ""10001"",
""ipAddress"": ""110.47.168.218"",
""orderid"": ""69aa174aba9d8bf27771b2a2"",
""orderdescription"": ""|default offer|"",
""initiated_by"": ""customer"",
""stored_credential_indicator"": ""stored"",
""processor_id"": ""pdsActive"",
""email"": ""aaa1111@bc.dev.none"",
""merchant_defined_field_1"": ""69431fc43a915bc1be68b520"",
""merchant_defined_field_2"": ""0"",
""merchant_defined_field_3"": ""idlookup"",
""merchant_defined_field_4"": ""20260305"",
""merchant_defined_field_5"": ""p1"",
""merchant_defined_field_6"": ""0"",
""merchant_defined_field_7"": ""6913e0c3a4b8675e90771bd6.6913e12fa4b8675e90771bf2"",
""merchant_defined_field_8"": ""y"",
""merchant_defined_field_9"": ""69aa174aba9d8bf27771b282|69aa174aba9d8bf27771b2a2|69aa174aba9d8bf27771b299|6913e0e0a4b8675e90771be7"",
""merchant_defined_field_10"": ""desktop|i|1.01|39.01"",
""merchant_defined_field_11"": ""694e14fca3088d7e6b682a12|af1|"",
""merchant_defined_field_14"": ""@||payer_TestFname_TestLname"",
""merchant_defined_field_15"": ""100404478|""
},
""rawResponse"": ""response=1&responsetext=EmulatorResponseText&authcode=975506587&transactionid=831398256&avsresponse=Y&cvvresponse=M&orderid=69aa174aba9d8bf27771b2a2&type=sale&response_code=100&emulator=true&httpStatusCode=200&processor_id=pdsActive"",
""requestResult"": {
""httpStatusCode"": 200,
""authCode"": null,
""externalId"": ""831398256"",
""processorId"": ""pdsActive"",
""primaryCode"": ""100"",
""primaryCodeMessage"": ""100:EmulatorResponseText"",
""codes"": [
""success""
],
""codeMessages"": [
""EmulatorResponseText""
],
""results"": {
""response"": ""1"",
""responsetext"": ""EmulatorResponseText"",
""authcode"": ""975506587"",
""transactionid"": ""831398256"",
""avsresponse"": ""Y"",
""cvvresponse"": ""M"",
""orderid"": ""69aa174aba9d8bf27771b2a2"",
""type"": ""sale"",
""response_code"": ""100"",
""emulator"": ""true"",
""httpStatusCode"": ""200"",
""processor_id"": ""pdsActive""
}
},
""serverTrackingIds"": {
""trackingId"": ""69aa174acacbb8c02671abaf"",
""sessionId"": ""ZFsghTHq32zH7AGTqlHCZ58U5PClRxHF"",
""clientId"": ""51snnjg9TmuzdRgWqkR2aYKAs8wkWB00"",
""apiId"": ""Mn20NFBgGaqCUpypYIiDxAmSlsqmPrZu""
},
""updaterId"": ""6943179e90625d3dbeadf6f7"",
""updaterName"": ""BC Admin"",
""transient"": {
""amount"": {
""authorized"": 0,
""collected"": 1.01,
""refunded"": 0
}
}
}
],
""transient"": {
""amount"": {
""authorized"": 0,
""collected"": 1.01,
""refunded"": 0.4
}
},
""schedule"": {
""_id"": ""69aa174bba9d8bf27771b2b1"",
""index"": [],
""referenceIds"": [],
""permissionIds"": [],
""type"": ""commerceBillingRecur"",
""status"": ""active"",
""eventKey"": ""name:CommerceBillingRecurScheduleEvent|tags:commerce,billing,recur,schedule"",
""dueTimestamp"": 1775284242746,
""targetId"": ""69aa174aba9d8bf27771b299"",
""targetCollection"": ""commerceorders"",
""data"": {
""totalPrice"": {
""amount"": 39.01,
""code"": ""usd""
},
""commerceTokenExpirationOverrides"": [],
""previousCommercePaymentIds"": [
""69aa174aba9d8bf27771b2a2""
],
""sequence"": 1,
""retry"": 0
},
""shConId"": ""69431fc43a915bc1be68b520"",
""shColId"": ""694e14fca3088d7e6b682a12"",
""shTimestamp"": 1772654358275,
""createdAt"": ""2026-03-05T23:52:43.048Z"",
""updatedAt"": ""2026-03-05T23:52:43.048Z"",
""createdTimestamp"": 1772754763048,
""updatedTimestamp"": 1772754763048,
""trackingIds"": {
""trackingId"": ""69aa174aba9d8bf27771b278"",
""sessionId"": ""xFG6e8TyZ_fhXVeNZp_YXIKcHAfoXD5G"",
""clientId"": ""51snnjg9TmuzdRgWqkR2aYKAs8wkWB00"",
""apiId"": ""Mn20NFBgGaqCUpypYIiDxAmSlsqmPrZu""
},
""brandId"": ""idlookup"",
""updaterId"": ""69aa174aba9d8bf27771b282"",
""__v"": 0,
""updaterName"": ""TestFname TestLnameaaa""
}
}
],
""perPage"": 5
}",
"Get User Order

csrWrapper.api.user.getOrder",/api/commerceMgnt/getUserOrder,post,"csrWrapper.api.user.getOrder({ 
userId: '69aa174aba9d8bf27771b282',
orderId: '69aa174aba9d8bf27771b299',
lastPaymentId: '69ab30d430ad87f2692196a7'
});

You can retrieve the same order results as [Find User Orders] by specifying one.

params
- lastPaymentId: (optional) If you need to change the status of a specific order in the entire order list and re-fetch only that order to update its status, you can pass the last _id of the commercePayments fetched by the current order to lastPaymentId to retrieve the commercePayments up to that id.",,,
"Find Order Payments

csrWrapper.api.user.findOrderPayments",/api/commerceMgnt/orderPayments,post,"csrWrapper.api.user.findOrderPayments({ 
orderId: '69aa174aba9d8bf27771b299', 
lastPaymentId: '69aa174aba9d8bf27771b2a2'
});

The response from [Find User Orders] contains an array with a commercePayments field for each order. Only the first N items are returned. To retrieve additional commercePayments , pass the orderId and lastPaymentId .

",,"{
""payments"": [
{
""_id"": ""69aa174aba9d8bf27771b2a2"",
""index"": [],
""type"": ""sale"",
""status"": ""fulfilled"",
""referenceIds"": [],
""permissionIds"": [],
""shConId"": ""69431fc43a915bc1be68b520"",
""shColId"": ""694e14fca3088d7e6b682a12"",
""shTimestamp"": 1772654358275,
""childrenTypes"": [
""refund""
],
""billingId"": ""sale|51snnjg9TmuzdRgWqkR2aYKAs8wkWB00|Mn20NFBgGaqCUpypYIiDxAmSlsqmPrZu|1772754761668|iZ7pSQWH"",
""payeeId"": ""6943179e90625d3dbeadf6f7"",
""payerId"": ""69aa174aba9d8bf27771b282"",
""commerceOrder"": ""69aa174aba9d8bf27771b299"",
""commerceTransaction"": ""69aa174aba9d8bf27771b2a0"",
""commerceToken"": ""69aa174aba9d8bf27771b292"",
""velocityOptionKeys"": [
""declineDisputeCcNumber"",
""declineTooManySignupAttempts"",
""declineDupSignup""
],
""ipAddress"": ""110.47.168.218"",
""device"": ""desktop"",
""paymentTimestamp"": 1772754762746,
""totalPrice"": {
""code"": ""usd"",
""amount"": 1.01
},
""sequence"": 0,
""retry"": 0,
""sequenceOption"": {
""thinMatch"": false,
""thinMatchDataProviderDown"": false,
""thinMatchTooManyResults"": false,
""thinMatchNoResults"": false,
""thinMatchGeographic"": false
},
""commerceBillingRouting"": {
""typeSticky"": ""commerceToken"",
""processorId"": ""pdsActive"",
""processorSticky"": ""soft"",
""gateway"": ""nmi""
},
""storedCredentialOption"": {
""resetStoredCredential"": true,
""initiatedBy"": ""customer"",
""storedCredentialIndicator"": ""stored""
},
""transactionMeta"": {
""billingSeriesId"": ""sale|51snnjg9TmuzdRgWqkR2aYKAs8wkWB00|Mn20NFBgGaqCUpypYIiDxAmSlsqmPrZu|1772754761668|iZ7pSQWH"",
""saleLikeTxBlocker"": false,
""nonMemberOnly"": true,
""immediateRetry"": false,
""immediateRetryCount"": 0,
""quadZero"": false,
""dropCvv"": false,
""passthru"": false,
""cascade"": false
},
""createdAt"": ""2026-03-05T23:52:42.802Z"",
""updatedAt"": ""2026-03-05T23:53:10.883Z"",
""createdTimestamp"": 1772754762802,
""updatedTimestamp"": 1772754762802,
""trackingIds"": {
""trackingId"": ""69aa174aba9d8bf27771b278"",
""sessionId"": ""xFG6e8TyZ_fhXVeNZp_YXIKcHAfoXD5G"",
""clientId"": ""51snnjg9TmuzdRgWqkR2aYKAs8wkWB00"",
""apiId"": ""Mn20NFBgGaqCUpypYIiDxAmSlsqmPrZu""
},
""brandId"": ""idlookup"",
""__v"": 5,
""currentRevisionId"": ""69aa1766ba9d8bf27771b34b"",
""gatewayTransactionId"": ""69aa174a96fc315cf25a4241"",
""gatewayTransactionStatus"": ""fulfilled"",
""passable"": true,
""rawRequest"": {
""username"": ""test-bytecrtrs"",
""type"": ""sale"",
""amount"": 1.01,
""ccnumber"": ""411111******1111"",
""ccexp"": ""1230"",
""cvv"": ""***"",
""firstname"": ""TestFname"",
""lastname"": ""TestLname"",
""zip"": ""10001"",
""ipAddress"": ""110.47.168.218"",
""orderid"": ""69aa174aba9d8bf27771b2a2"",
""orderdescription"": ""|default offer|"",
""initiated_by"": ""customer"",
""stored_credential_indicator"": ""stored"",
""processor_id"": ""pdsActive"",
""email"": ""aaa1111@bc.dev.none"",
""merchant_defined_field_1"": ""69431fc43a915bc1be68b520"",
""merchant_defined_field_2"": ""0"",
""merchant_defined_field_3"": ""idlookup"",
""merchant_defined_field_4"": ""20260305"",
""merchant_defined_field_5"": ""p1"",
""merchant_defined_field_6"": ""0"",
""merchant_defined_field_7"": ""6913e0c3a4b8675e90771bd6.6913e12fa4b8675e90771bf2"",
""merchant_defined_field_8"": ""y"",
""merchant_defined_field_9"": ""69aa174aba9d8bf27771b282|69aa174aba9d8bf27771b2a2|69aa174aba9d8bf27771b299|6913e0e0a4b8675e90771be7"",
""merchant_defined_field_10"": ""desktop|i|1.01|39.01"",
""merchant_defined_field_11"": ""694e14fca3088d7e6b682a12|af1|"",
""merchant_defined_field_14"": ""@||payer_TestFname_TestLname"",
""merchant_defined_field_15"": ""100404478|""
},
""rawResponse"": ""response=1&responsetext=EmulatorResponseText&authcode=975506587&transactionid=831398256&avsresponse=Y&cvvresponse=M&orderid=69aa174aba9d8bf27771b2a2&type=sale&response_code=100&emulator=true&httpStatusCode=200&processor_id=pdsActive"",
""requestResult"": {
""httpStatusCode"": 200,
""authCode"": null,
""externalId"": ""831398256"",
""processorId"": ""pdsActive"",
""primaryCode"": ""100"",
""primaryCodeMessage"": ""100:EmulatorResponseText"",
""codes"": [
""success""
],
""codeMessages"": [
""EmulatorResponseText""
],
""results"": {
""response"": ""1"",
""responsetext"": ""EmulatorResponseText"",
""authcode"": ""975506587"",
""transactionid"": ""831398256"",
""avsresponse"": ""Y"",
""cvvresponse"": ""M"",
""orderid"": ""69aa174aba9d8bf27771b2a2"",
""type"": ""sale"",
""response_code"": ""100"",
""emulator"": ""true"",
""httpStatusCode"": ""200"",
""processor_id"": ""pdsActive""
}
},
""serverTrackingIds"": {
""trackingId"": ""69aa174acacbb8c02671abaf"",
""sessionId"": ""ZFsghTHq32zH7AGTqlHCZ58U5PClRxHF"",
""clientId"": ""51snnjg9TmuzdRgWqkR2aYKAs8wkWB00"",
""apiId"": ""Mn20NFBgGaqCUpypYIiDxAmSlsqmPrZu""
},
""updaterId"": ""6943179e90625d3dbeadf6f7"",
""updaterName"": ""BC Admin"",
""transient"": {
""amount"": {
""authorized"": 0,
""collected"": 1.01,
""refunded"": 0
}
}
}
],
""perPage"": 5
}",
"Find Order Histories

csrWrapper.api.user.findOrderHistories",/api/commerceMgnt/orderHistories,post,"csrWrapper.api.user.findOrderHistories({ 
orderId: '69aa174aba9d8bf27771b299',
lastRevisionId: '69aa1766ba9d8bf27771b33e',
});

The response from [Find User Orders] contains an orderHistories array field for each order. Initially, only N items are returned from this array. To receive the next N items, you must pass orderId and lastRevisionId . lastRevisionId is the _id of each orderHistories .",,"{ 
""orderHistories"": [ 
{ 
""_id"": ""69aa174bba9d8bf27771b2c6"", 
""status"": ""active"", 
""statusReason"": ""SuccessfulTx"", 
""updaterId"": ""69aa174aba9d8bf27771b282"", 
""createdAt"": ""2026-03-05T23:52:43.152Z"", 
""updaterName"": ""TestFname TestLnameaaa"" 
} 
], 
""perPage"": 5 
}",
"Cancel or Uncancel Order

csrWrapper.api.user.cancelUncancelOrder",/api/commerceMgnt/cancelUncancelOrder,post,"csrWrapper.api.user.cancelUncancelOrder({ 
orderId: '69aa174aba9d8bf27771b299',
flag: true,
});

params
- flag: true (cancels the order), false (reactivates the canceled order)",,"{ 
""success"": true, 
""commerceOrder"": { 
""_id"": ""69ab30d430ad87f26921969e"", 
""index"": [], 
""status"": ""active"", 
""referenceIds"": [], 
""permissionIds"": [], 
""shConId"": ""69a2380b53ecf9b049d01fbb"", 
""shColId"": ""69aa41b648af3b202e7fb065"", 
""shTimestamp"": 1772765880560, 
""payeeId"": ""6943179e90625d3dbeadf6f7"", 
""payerId"": ""69ab30d430ad87f269219687"", 
""commerceTokens"": [ 
""69ab30d430ad87f269219697"" 
], 
""commerceOffers"": [ 
""6913e0e0a4b8675e90771be7"" 
], 
""commerceOfferRevisions"": [ 
""69a105f42f81321b1bd998ff"" 
], 
""commerceOfferInfos"": [ 
{ 
""commerceOfferId"": ""6913e0e0a4b8675e90771be7"", 
""commerceOfferRevisionId"": ""69a105f42f81321b1bd998ff"", 
""commerceProductInfos"": [ 
{ 
""commerceProductId"": ""6913e0c3a4b8675e90771bd6"", 
""commerceProductRevisionId"": ""699fbbb626a1804895701525"", 
""commerceStockInfo"": { 
""commerceStockId"": ""69ab30d430ad87f26921969c"", 
""commerceStockRevisionId"": null, 
""options"": null 
}, 
""options"": null 
}, 
{ 
""commerceProductId"": ""6913e12fa4b8675e90771bf2"", 
""commerceProductRevisionId"": ""699fbbbc26a1804895701530"", 
""commerceStockInfo"": { 
""commerceStockId"": ""69ab30d430ad87f26921969d"", 
""commerceStockRevisionId"": null, 
""options"": null 
}, 
""options"": null 
} 
], 
""options"": null 
} 
], 
""commercePriceRules"": [ 
{ 
""_DESC_"": ""S0"", 
""priority"": 1, 
""conditions"": [ 
{ 
""sequence"": 0 
} 
], 
""candidates"": [ 
{ 
""id"": { 
""amount"": 1.01, 
""code"": ""usd"", 
""period"": { 
""quantity"": 7, 
""unit"": ""d"" 
} 
}, 
""weight"": 1 
} 
] 
}, 
{ 
""_DESC_"": ""S1+"", 
""priority"": 2, 
""conditions"": [ 
{ 
""sequence"": ""v > 0"" 
} 
], 
""candidates"": [ 
{ 
""id"": { 
""amount"": 39.01, 
""code"": ""usd"", 
""period"": { 
""quantity"": 30, 
""unit"": ""d"" 
} 
}, 
""weight"": 1 
} 
] 
} 
], 
""sequenceOption"": { 
""thinMatch"": false, 
""thinMatchDataProviderDown"": false, 
""thinMatchTooManyResults"": false, 
""thinMatchNoResults"": false, 
""thinMatchGeographic"": false 
}, 
""ipAddress"": ""110.47.168.218"", 
""refer"": { 
""partnerId"": ""p1"", 
""afid"": ""af1"", 
""abc"": ""bcd"" 
}, 
""sessionDuration"": 58956667, 
""orderTimestamp"": 1772826836716, 
""nonMemberOnly"": true, 
""immediateRetry"": false, 
""immediateRetryCount"": 0, 
""createdAt"": ""2026-03-06T19:53:56.737Z"", 
""updatedAt"": ""2026-03-10T00:51:43.972Z"", 
""createdTimestamp"": 1772826836737, 
""updatedTimestamp"": 1772826836737, 
""trackingIds"": { 
""trackingId"": ""69ab30d430ad87f26921967d"", 
""sessionId"": ""y_oORvCd6DXqr4yh2CQmXOKr8OfTWUaQ"", 
""clientId"": ""ucxaWwFknZgvchp85vsKffH7GRmoGgeh"", 
""apiId"": ""t1c2aM4g3gyq6QWX8r01CtKyQsTPTmbp"" 
}, 
""brandId"": ""idlookup"", 
""updaterId"": ""6943179e90625d3dbeadf6f7"", 
""__v"": 7, 
""currentRevisionId"": ""69af6b1f9c5bb16194bfe00b"", 
""dueTimestamp"": 1775370656716, 
""statusReason"": ""SuccessfulTx"", 
""id"": ""69ab30d430ad87f26921969e"" 
} 
}",
"Refund or Void Order

csrWrapper.api.user.refundVoidOrder",/api/commerceBilling/correct,post,"csrWrapper.api.user.refundVoidOrder({
commercePaymentType: 'refund',
targetCommerceOrderId: '69ab30d430ad87f26921969e',
targetCommerceOrderRevisionId: '69af6b1f9c5bb16194bfe00b',
targetCommercePaymentId: '69ab30d430ad87f2692196a7',
targetCommercePaymentRevisionId: '69ab30d530ad87f2692196c2',
amount: 0.1,
});

params
- commercePaymentType: refund (refund a portion of the amount), void (void the entire amount) 
- targetCommerceOrderId 
- targetCommerceOrderRevisionId: commerceOrder's currentRevisionId 
- targetCommercePaymentId 
- targetCommercePaymentRevisionId: commercePayment's currentRevisionId 
- amount: Amount to be refunded or voided",,"{ 
""status"": ""fulfilled"", 
""payerId"": ""69ab30d430ad87f269219687"", 
""commerceOrderId"": ""69ab30d430ad87f26921969e"" 
}",
"Update Schedule DueTimestamp

csrWrapper.api.user.updateScheduleDueTimestamp",/api/commerceMgnt/updateScheduleDueTimestamp,post,"csrWrapper.api.user.updateScheduleDueTimestamp({ 
scheduleId: '69ab30d530ad87f2692196b3',
dueTimestamp: 1775371111111,
});

params
- scheduleId: order.schedule._id
- dueTimestamp: (number)",,"{ 
""success"": true 
}",
"Find OptOuts

csrWrapper.api.optOut.find",/api/database/search,post,"csrWrapper.api.optOut.find({ 
status: 'requested',
});

params
- status: (optional) requested, active
- brandId: (optional)
- email: (optional)
- provider: (optional)
- targetId: (optional)
- lastId: (optional) You can get the next optOut by passing the _id of the last optOut.",,,
"Find Contacts

csrWrapper.api.contact.find",/api/database/search,post,"csrWrapper.api.contact.find({ 
status: 'requested',
});

params
- status: (optional) requested, fulfilled
- brandId: (optional)
- email: (optional)
- lastId: (optional) You can get the next optOut by passing the _id of the last contact.",,,
"Change Contact To UserContact Addon on 2026-04-10

csrWrapper.api.contact.changeContactToUserContact",/api/message/admin/user/changeContactToUserContact,post,"csrWrapper.api.contact.changeContactToUserContact({ messageId, targetUserId });

- Updates a ContactMessage created with contact.create(apiWrapper.api.contact.create) with a UserContact written by a specific User. In this case, the targetUserId can be changed again in the CSR for the updated UserContact.

- You can update targetUserId if type is contact or userContact and data.originalType is contact.

params
- messageId:_id of contactMessage to change
- targetUserId: The _id of the User to be specified",,"{
""_id"": ""69d9918141043e0ecffa2636"",
""index"": [],
""type"": ""userContact"",
""status"": ""requested"",
""ownerHash"": ""WcwtgjTAF5jRTzn-w0Vwx1zR3aTCP6wK"",
""referenceIds"": [],
""permissionIds"": [],
""content"": {
""contentType"": ""text/html"",
""message"": ""contact test message."",
""targetUserId"": ""69d46c6554aa4f5ab22cbee6""
},
""attachments"": [],
""createdAt"": ""2026-04-11T00:10:41.578Z"",
""updatedAt"": ""2026-04-11T03:13:44.530Z"",
""createdTimestamp"": 1775866241578,
""updatedTimestamp"": 1775866241578,
""trackingIds"": {
""trackingId"": ""69d9918141043e0ecffa2632"",
""sessionId"": ""WcwtgjTAF5jRTzn-w0Vwx1zR3aTCP6wK"",
""clientId"": ""4prRHDx3nP5kHcjELjD8emMcBXAn2TxC"",
""apiId"": ""9dwhh2wfjS927KsrmS3BC71DWMgwTJFL""
},
""brandId"": ""idlookup"",
""shConId"": ""69a2380b53ecf9b049d01fbb"",
""shColId"": ""69aa41b648af3b202e7fb065"",
""shTimestamp"": 1775776358017,
""__v"": 3,
""currentRevisionId"": ""69d9bc68e4c8b5cd5fc73fa1"",
""data"": {
""originalType"": ""contact"",
""originalContent"": {
""firstName"": ""TestFname"",
""lastName"": ""TestLname"",
""email"": ""test123Q@bytecrtrs.com"",
""telephone"": ""8054320540""
}
},
""ownerId"": ""69d46c6554aa4f5ab22cbee6"",
""updaterId"": ""6943179e90625d3dbeadf6f7"",
""owner"": {
""_id"": ""69d46c6554aa4f5ab22cbee6"",
""firstName"": ""TestFname"",
""lastName"": ""TestLname"",
""id"": ""69d46c6554aa4f5ab22cbee6""
},
""id"": ""69d9918141043e0ecffa2636""
}",
"Find ManagedContacts Added on 2026-03-30

csrWrapper.api.managedContact.find",/api/database/search,post,"csrWrapper.api.managedContact.find({ brandId, type, contactAddress, lastId });

params
- brandId: (optional)
- type: 'email' or 'phone'
- contactAddress: (optional) type(email: emaillAddress), type(phone: phone number)
- lastId: (optional) You can get the next managedContact by passing the _id of the last managedContact.",,"{
""docs"": [
{
""_id"": ""69cb10593c43753927d8c647"",
""uniqueId"": ""phone|idlookup|5614484551"",
""__v"": 2,
""brandId"": ""idlookup"",
""contactAddress"": ""5614484551"",
""createdAt"": ""2026-03-31T00:07:53.275Z"",
""data"": {
""lastTeaserSearchNameInfo"": {
""type"": ""name"",
""contextKey"": ""sale.name.teaser"",
""fName"": ""tim"",
""lName"": ""chin"",
""state"": ""fl"",
""teaserCommerceContentId"": ""69cb10463c43753927d8c621""
},
""slickText"": {
""contact_id"": 181631037,
""opt_in_status"": ""subscribed""
}
},
""hash"": ""9666a13c3c8a42886c0b72cc4cff8946"",
""index"": [],
""permissionIds"": [],
""referenceIds"": [],
""sessionId"": ""P7TX1a4Jc8oE-q4FDVEFr4ez8YV1vA4V"",
""shColId"": ""69aa41b648af3b202e7fb065"",
""shConId"": ""69a2380b53ecf9b049d01fbb"",
""status"": ""active"",
""trackingIds"": {
""trackingId"": ""69cb10593c43753927d8c643"",
""sessionId"": ""P7TX1a4Jc8oE-q4FDVEFr4ez8YV1vA4V"",
""clientId"": ""bbN4eaglV0oZpw4YUsw8WsD5Sr0zvG7I"",
""apiId"": ""JU0c7LAyW7bicE8LwiYB5ou8rk2fV1o7""
},
""type"": ""phone"",
""updatedAt"": ""2026-03-31T02:20:04.379Z"",
""subStatus"": ""unsubscribed"",
""updaterId"": ""6943179e90625d3dbeadf6f7"",
""id"": ""69cb10593c43753927d8c647""
}
],
""noMoreDocs"": true,
""displayFields"": [
""_id"",
""createdAt"",
""brandId"",
""type"",
""contactAddress"",
""status"",
""shConId"",
""shColId"",
""subStatus""
],
""dateFields"": [
""createdAt""
]
}",
"Unsubscribe ManagedContact Added on 2026-03-30

csrWrapper.api.managedContact.unsubscribe",/api/managedContact/management/unsubscribe,post,"csrWrapper.api.managedContact.unsubscribe({ managedContactId });

params
- managedContactId: Find the _id (managedContactId) in the documentation of the ManagedContacts response.",,"{
""success"": true,
""managedContact"": {
""_id"": ""69cb37217771101e1f0dd3fe"",
""uniqueId"": ""email|idlookup|dfsf2f32452@bytecrtrs.com"",
""__v"": 1,
""brandId"": ""idlookup"",
""contactAddress"": ""dfsf2f32452@bytecrtrs.com"",
""createdAt"": ""2026-03-31T02:53:21.495Z"",
""data"": {
""lastTeaserSearchNameInfo"": null
},
""hash"": ""6c12bc9d5ce59a432aee8623b1596929"",
""index"": [],
""permissionIds"": [],
""referenceIds"": [],
""sessionId"": ""pqv3CKCVMIzpYRqwrKMiehZ7AZeFhAq4"",
""shColId"": ""69aa41b648af3b202e7fb065"",
""shConId"": ""69a2380b53ecf9b049d01fbb"",
""status"": ""active"",
""trackingIds"": {
""trackingId"": ""69cb37217771101e1f0dd3fa"",
""sessionId"": ""pqv3CKCVMIzpYRqwrKMiehZ7AZeFhAq4"",
""clientId"": ""1"",
""apiId"": ""2""
},
""type"": ""email"",
""updatedAt"": ""2026-03-31T02:53:32.749Z"",
""subStatus"": ""unsubscribed"",
""updaterId"": ""6943179e90625d3dbeadf6f7"",
""id"": ""69cb37217771101e1f0dd3fe""
}
}",
"Download attachment Added on 2026-04-01

",/api/attachment/download,get,"csrWrapper.api.attachment.download({ attachmentId });

When creating [Create Admin User Note] or [Create Csr Mail], files attached via [Attachments] are returned to [Find User Contact] with an ID included in the [Attachments] of each element. This ID is the attachmentId used for downloading or deleting.",,,
Remove attachment Added on 2026-04-01,/api/attachment/remove,post,"csrWrapper.api.attachment.remove({ attachmentId });

When creating [Create Admin User Note] or [Create Csr Mail], files attached via [Attachments] are returned to [Find User Contact] with an ID included in the [Attachments] of each element. This ID is the attachmentId used for downloading or deleting.",,,
Tracking - Find User Tracking Added on 2026-04-07,/api/database/search,post,"csrWrapper.api.tracking.findUser({ type, lastId });

The data of the object in the response array contains the necessary information.
createdAt is the time the event was recorded. (e.g., login time)

params
- type: string 
(You can pass one or more types together separated by |. e.g.) USER:nameSearchTeaser|USER:phoneSearchTeaser)
- USER:nameSearchTeaser (teaser search)
- USER:phoneSearchTeaser (teaser search)
- USER:nameSearchTeaserOptOut (teaser optout search)
- USER:phoneSearchTeaserOptOut (teaser optout search)
- USER:nameSearch (create report)
- USER:phoneSearch (create report)
- USER:login (user login) Added on 2026-04-13
- lastId: (optional)",,"{
""docs"": [
{
""_id"": ""69d5c58b0ad7570e7b4d1a92"",
""index"": [],
""trackingIds"": {
""trackingId"": ""69d5c58b0ad7570e7b4d1a76"",
""sessionId"": ""4IYjjDg-avIWp2IsK54Ba_VJCgjhaP3q"",
""clientId"": ""t1oAD3GIhnfushlkhUMooDACpbAv6pHE"",
""apiId"": ""hk5zH14WWKxFwHHSNJ9EcrbdcNOtH7Rr""
},
""referenceIds"": [],
""permissionIds"": [],
""data"": {
""type"": ""USER:nameSearchTeaserOptOut"",
""status"": ""fulfilled"",
""teaserInput"": {
""fName"": ""tim"",
""lName"": ""chin"",
""city"": ""new york"",
""state"": ""ny"",
""type"": ""name"",
""contextKey"": ""sale.name.teaser-optOut"",
""teaserCommerceContentId"": ""69d5c58b0ad7570e7b4d1a80""
},
""cloned"": true,
""value"": {
""duration"": 214,
""hostname"": ""dev1002.dev.www.idlookup.ai"",
""brandId"": ""idlookup"",
""method"": ""POST"",
""url"": ""/api/optOut/search"",
""query"": ""clientId=t1oAD3GIhnfushlkhUMooDACpbAv6pHE&apiId=hk5zH14WWKxFwHHSNJ9EcrbdcNOtH7Rr"",
""ip"": ""110.47.168.218"",
""referer"": ""https://dev1002.dev.www.idlookup.ai/api/optOut/view/search?clientId=HOtv9jEwsAQBhGkQGQtzwaBlmpY2syvS&apiId=W6Evn9iZWcSq1SvA9pwwuY80egtACqyk"",
""device"": ""desktop"",
""userAgent"": ""Mozilla/5.0 (Windows NT 10.0; Win64; x64) AppleWebKit/537.36 (KHTML, like Gecko) Chrome/146.0.0.0 Safari/537.36""
},
""caller"": ""idLookup.service.ts:110:26|IdLookupService.searchOptOut""
},
""createdAt"": ""2026-04-08T03:03:40.024Z"",
""updatedAt"": ""2026-04-08T03:03:40.024Z"",
""createdTimestamp"": 1775617420025,
""updatedTimestamp"": 1775617420025,
""brandId"": ""idlookup"",
""shConId"": ""69a2380b53ecf9b049d01fbb"",
""shColId"": ""69aa41b648af3b202e7fb065"",
""shTimestamp"": 1775617265506,
""updaterId"": ""69d46c6554aa4f5ab22cbee6"",
""__v"": 0,
""id"": ""69d5c58b0ad7570e7b4d1a92""
}
],
""noMoreDocs"": true,
""displayFields"": [
""_id"",
""createdAt"",
""trackingIds"",
""data""
],
""dateFields"": [
""createdAt""
]
}",
,,,,,,
,,,,,,
,,,,,,
,,,,,,
,,,,,,
,,,,,,
,,,,,,
,,,,,,
,,,,,,
,,,,,,
,,,,,,
,,,,,,
,,,,,,
,,,,,,
,,,,,,
,,,,,,
,,,,,,
,,,,,,
,,,,,,
,,,,,,
,,,,,,
,,,,,,
,,,,,,
,,,,,,
,,,,,,
,,,,,,
,,,,,,
,,,,,,
,,,,,,
,,,,,,
,,,,,,
,,,,,,
,,,,,,
,,,,,,
,,,,,,
,,,,,,
,,,,,,
,,,,,,
,,,,,,
,,,,,,
,,,,,,
,,,,,,
,,,,,,
,,,,,,
,,,,,,
,,,,,,
,,,,,,
,,,,,,
,,,,,,
,,,,,,
,,,,,,
,,,,,,
,,,,,,
,,,,,,
,,,,,,
,,,,,,
,,,,,,
,,,,,,
,,,,,,
,,,,,,
,,,,,,
,,,,,,
,,,,,,
,,,,,,
,,,,,,
,,,,,,
,,,,,,
,,,,,,
,,,,,,
,,,,,,
,,,,,,
,,,,,,
,,,,,,
,,,,,,
,,,,,,
,,,,,,
,,,,,,
,,,,,,
,,,,,,
,,,,,,
,,,,,,
,,,,,,
,,,,,,
,,,,,,
,,,,,,
,,,,,,
,,,,,,
,,,,,,
,,,,,,
,,,,,,
,,,,,,
,,,,,,
,,,,,,
,,,,,,
,,,,,,
,,,,,,
,,,,,,
,,,,,,
,,,,,,
,,,,,,
,,,,,,
,,,,,,
,,,,,,
,,,,,,
,,,,,,
,,,,,,
,,,,,,
,,,,,,
,,,,,,
,,,,,,
,,,,,,
,,,,,,
,,,,,,
,,,,,,
,,,,,,
,,,,,,
,,,,,,
,,,,,,
,,,,,,
,,,,,,
,,,,,,
,,,,,,
,,,,,,
,,,,,,
,,,,,,
,,,,,,
,,,,,,
,,,,,,
,,,,,,
,,,,,,
,,,,,,
,,,,,,
,,,,,,
,,,,,,
,,,,,,
,,,,,,
,,,,,,
,,,,,,
,,,,,,
,,,,,,
,,,,,,
,,,,,,
,,,,,,
,,,,,,
,,,,,,
,,,,,,
,,,,,,
,,,,,,
,,,,,,
,,,,,,
,,,,,,
,,,,,,
,,,,,,
,,,,,,
,,,,,,
,,,,,,
,,,,,,
,,,,,,
,,,,,,
,,,,,,
,,,,,,
,,,,,,
,,,,,,
,,,,,,
,,,,,,
,,,,,,
,,,,,,
,,,,,,
,,,,,,
,,,,,,
,,,,,,
,,,,,,
,,,,,,
,,,,,,
,,,,,,
,,,,,,
,,,,,,
,,,,,,
,,,,,,
,,,,,,
,,,,,,
,,,,,,
,,,,,,
,,,,,,
,,,,,,
,,,,,,
,,,,,,
,,,,,,
,,,,,,
,,,,,,
,,,,,,
,,,,,,
,,,,,,
,,,,,,
,,,,,,
,,,,,,
,,,,,,
,,,,,,
,,,,,,
,,,,,,
,,,,,,
,,,,,,
,,,,,,
,,,,,,
,,,,,,
,,,,,,
,,,,,,
,,,,,,
,,,,,,
,,,,,,
,,,,,,
,,,,,,
,,,,,,
,,,,,,
,,,,,,
,,,,,,
,,,,,,
,,,,,,
,,,,,,
,,,,,,
,,,,,,
,,,,,,
,,,,,,
,,,,,,
,,,,,,
,,,,,,
,,,,,,
,,,,,,
,,,,,,
,,,,,,
,,,,,,
,,,,,,
,,,,,,
,,,,,,
,,,,,,
,,,,,,
,,,,,,
,,,,,,
,,,,,,
,,,,,,
,,,,,,
,,,,,,
,,,,,,
,,,,,,
,,,,,,
,,,,,,
,,,,,,
,,,,,,
,,,,,,
,,,,,,
,,,,,,
,,,,,,
,,,,,,
,,,,,,
,,,,,,
,,,,,,
,,,,,,
,,,,,,
,,,,,,
,,,,,,
,,,,,,
,,,,,,
,,,,,,
,,,,,,
,,,,,,
,,,,,,
,,,,,,
,,,,,,
,,,,,,
,,,,,,
,,,,,,
,,,,,,
,,,,,,
,,,,,,
,,,,,,
,,,,,,
,,,,,,
,,,,,,
,,,,,,
,,,,,,
,,,,,,
,,,,,,
,,,,,,
,,,,,,
,,,,,,
,,,,,,
,,,,,,
,,,,,,
,,,,,,
,,,,,,
,,,,,,
,,,,,,
,,,,,,
,,,,,,
,,,,,,
,,,,,,
,,,,,,
,,,,,,
,,,,,,
,,,,,,
,,,,,,
,,,,,,
,,,,,,
,,,,,,
,,,,,,
,,,,,,
,,,,,,
,,,,,,
,,,,,,
,,,,,,
,,,,,,
,,,,,,
,,,,,,
,,,,,,
,,,,,,
,,,,,,
,,,,,,
,,,,,,
,,,,,,
,,,,,,
,,,,,,
,,,,,,
,,,,,,
,,,,,,
,,,,,,
,,,,,,
,,,,,,
,,,,,,
,,,,,,
,,,,,,
,,,,,,
,,,,,,
,,,,,,
,,,,,,
,,,,,,
,,,,,,
,,,,,,
,,,,,,
,,,,,,
,,,,,,
,,,,,,
,,,,,,
,,,,,,
,,,,,,
,,,,,,
,,,,,,
,,,,,,
,,,,,,
,,,,,,
,,,,,,
,,,,,,
,,,,,,
,,,,,,
,,,,,,
,,,,,,
,,,,,,
,,,,,,
,,,,,,
,,,,,,
,,,,,,
,,,,,,
,,,,,,
,,,,,,
,,,,,,
,,,,,,
,,,,,,
,,,,,,
,,,,,,
,,,,,,
,,,,,,
,,,,,,
,,,,,,
,,,,,,
,,,,,,
,,,,,,
,,,,,,
,,,,,,
,,,,,,
,,,,,,
,,,,,,
,,,,,,
,,,,,,
,,,,,,
,,,,,,
,,,,,,
,,,,,,
,,,,,,
,,,,,,
,,,,,,
,,,,,,
,,,,,,
,,,,,,
,,,,,,
,,,,,,
,,,,,,
,,,,,,
,,,,,,
,,,,,,
,,,,,,
,,,,,,
,,,,,,
,,,,,,
,,,,,,
,,,,,,
,,,,,,
,,,,,,
,,,,,,
,,,,,,
,,,,,,
,,,,,,
,,,,,,
,,,,,,
,,,,,,
,,,,,,
,,,,,,
,,,,,,
,,,,,,
,,,,,,
,,,,,,
,,,,,,
,,,,,,
,,,,,,
,,,,,,
,,,,,,
,,,,,,
,,,,,,
,,,,,,
,,,,,,
,,,,,,
,,,,,,
,,,,,,
,,,,,,
,,,,,,
,,,,,,
,,,,,,
,,,,,,
,,,,,,
,,,,,,
,,,,,,
,,,,,,
,,,,,,
,,,,,,
,,,,,,
,,,,,,
,,,,,,
,,,,,,
,,,,,,
,,,,,,
,,,,,,
,,,,,,
,,,,,,
,,,,,,
,,,,,,
,,,,,,
,,,,,,
,,,,,,
,,,,,,
,,,,,,
,,,,,,
,,,,,,
,,,,,,
,,,,,,
,,,,,,
,,,,,,
,,,,,,
,,,,,,
,,,,,,
,,,,,,
,,,,,,
,,,,,,
,,,,,,
,,,,,,
,,,,,,
,,,,,,
,,,,,,
,,,,,,
,,,,,,
,,,,,,
,,,,,,
,,,,,,
,,,,,,
,,,,,,
,,,,,,
,,,,,,
,,,,,,
,,,,,,
,,,,,,
,,,,,,
,,,,,,
,,,,,,
,,,,,,
,,,,,,
,,,,,,
,,,,,,
,,,,,,
,,,,,,
,,,,,,
,,,,,,
,,,,,,
,,,,,,
,,,,,,
,,,,,,
,,,,,,
,,,,,,
,,,,,,
,,,,,,
,,,,,,
,,,,,,
,,,,,,
,,,,,,
,,,,,,
,,,,,,
,,,,,,
,,,,,,
,,,,,,
,,,,,,
,,,,,,
,,,,,,
,,,,,,
,,,,,,
,,,,,,
,,,,,,
,,,,,,
,,,,,,
,,,,,,
,,,,,,
,,,,,,
,,,,,,
,,,,,,
,,,,,,
,,,,,,
,,,,,,
,,,,,,
,,,,,,
,,,,,,
,,,,,,
,,,,,,
,,,,,,
,,,,,,
,,,,,,
,,,,,,
,,,,,,
,,,,,,
,,,,,,
,,,,,,
,,,,,,
,,,,,,
,,,,,,
,,,,,,
,,,,,,
,,,,,,
,,,,,,
,,,,,,
,,,,,,
,,,,,,
,,,,,,
,,,,,,
,,,,,,
,,,,,,
,,,,,,
,,,,,,
,,,,,,
,,,,,,
,,,,,,
,,,,,,
,,,,,,
,,,,,,
,,,,,,
,,,,,,
,,,,,,
,,,,,,
,,,,,,
,,,,,,
,,,,,,
,,,,,,
,,,,,,
,,,,,,
,,,,,,
,,,,,,
,,,,,,
,,,,,,
,,,,,,
,,,,,,
,,,,,,
,,,,,,
,,,,,,
,,,,,,
,,,,,,
,,,,,,
,,,,,,
,,,,,,
,,,,,,
,,,,,,
,,,,,,
,,,,,,
,,,,,,
,,,,,,
,,,,,,
,,,,,,
,,,,,,
,,,,,,
,,,,,,
,,,,,,
,,,,,,
,,,,,,
,,,,,,
,,,,,,
,,,,,,
,,,,,,
,,,,,,
,,,,,,
,,,,,,
,,,,,,
,,,,,,
,,,,,,
,,,,,,
,,,,,,
,,,,,,
,,,,,,
,,,,,,
,,,,,,
,,,,,,
,,,,,,
,,,,,,
,,,,,,
,,,,,,
,,,,,,
,,,,,,
,,,,,,
,,,,,,
,,,,,,
,,,,,,
,,,,,,
,,,,,,
,,,,,,
,,,,,,
,,,,,,
,,,,,,
,,,,,,
,,,,,,
,,,,,,
,,,,,,
,,,,,,
,,,,,,
,,,,,,
,,,,,,
,,,,,,
,,,,,,
,,,,,,
,,,,,,
,,,,,,
,,,,,,
,,,,,,
,,,,,,
,,,,,,
,,,,,,
,,,,,,
,,,,,,
,,,,,,
,,,,,,
,,,,,,
,,,,,,
,,,,,,
,,,,,,
,,,,,,
,,,,,,
,,,,,,
,,,,,,
,,,,,,
,,,,,,
,,,,,,
,,,,,,
,,,,,,
,,,,,,
,,,,,,
,,,,,,
,,,,,,
,,,,,,
,,,,,,
,,,,,,
,,,,,,
,,,,,,
,,,,,,
,,,,,,
,,,,,,
,,,,,,
,,,,,,
,,,,,,
,,,,,,
,,,,,,
,,,,,,
,,,,,,
,,,,,,
,,,,,,
,,,,,,
,,,,,,
,,,,,,
,,,,,,
,,,,,,
,,,,,,
,,,,,,
,,,,,,
,,,,,,
,,,,,,
,,,,,,
,,,,,,
,,,,,,
,,,,,,
,,,,,,
,,,,,,
,,,,,,
,,,,,,
,,,,,,
,,,,,,
,,,,,,
,,,,,,
,,,,,,
,,,,,,
,,,,,,
,,,,,,
,,,,,,
,,,,,,
,,,,,,
,,,,,,
,,,,,,
,,,,,,
,,,,,,
,,,,,,
,,,,,,
,,,,,,
,,,,,,
,,,,,,
,,,,,,
,,,,,,
,,,,,,
,,,,,,
,,,,,,
,,,,,,
,,,,,,
,,,,,,
,,,,,,
,,,,,,
,,,,,,
,,,,,,
,,,,,,
,,,,,,
,,,,,,
,,,,,,
,,,,,,
,,,,,,
,,,,,,
,,,,,,
,,,,,,
,,,,,,
,,,,,,
,,,,,,
,,,,,,
,,,,,,
,,,,,,
,,,,,,
,,,,,,
,,,,,,
,,,,,,
,,,,,,
,,,,,,
,,,,,,
,,,,,,
,,,,,,
,,,,,,
,,,,,,
,,,,,,
,,,,,,
,,,,,,
,,,,,,
,,,,,,
,,,,,,
,,,,,,
,,,,,,
,,,,,,
,,,,,,
,,,,,,
,,,,,,
,,,,,,
,,,,,,
,,,,,,
,,,,,,
,,,,,,
,,,,,,
,,,,,,
,,,,,,
,,,,,,
,,,,,,
,,,,,,
,,,,,,
,,,,,,
,,,,,,
,,,,,,
,,,,,,
,,,,,,
,,,,,,
,,,,,,
,,,,,,
,,,,,,
,,,,,,
,,,,,,
,,,,,,
,,,,,,
,,,,,,
,,,,,,
,,,,,,
,,,,,,
,,,,,,
,,,,,,
,,,,,,
,,,,,,
,,,,,,
,,,,,,
,,,,,,
,,,,,,
,,,,,,
,,,,,,
,,,,,,
,,,,,,
,,,,,,
,,,,,,
,,,,,,
,,,,,,
,,,,,,
,,,,,,
,,,,,,
,,,,,,
,,,,,,
,,,,,,
,,,,,,
,,,,,,
,,,,,,
,,,,,,
,,,,,,
,,,,,,
,,,,,,
,,,,,,
,,,,,,
,,,,,,
,,,,,,
,,,,,,
,,,,,,
,,,,,,
,,,,,,
,,,,,,
,,,,,,
,,,,,,
,,,,,,
,,,,,,
,,,,,,
,,,,,,
,,,,,,
,,,,,,
,,,,,,
,,,,,,
,,,,,,
,,,,,,
,,,,,,
,,,,,,
,,,,,,
,,,,,,
,,,,,,
,,,,,,
,,,,,,
,,,,,,
,,,,,,
,,,,,,
,,,,,,
,,,,,,
,,,,,,
,,,,,,
,,,,,,
,,,,,,
,,,,,,
,,,,,,
,,,,,,
,,,,,,
,,,,,,
,,,,,,
,,,,,,
,,,,,,
,,,,,,
,,,,,,
,,,,,,
,,,,,,
,,,,,,
,,,,,,
,,,,,,
,,,,,,
,,,,,,
,,,,,,
,,,,,,
,,,,,,
,,,,,,
,,,,,,
,,,,,,
,,,,,,
,,,,,,
,,,,,,
,,,,,,
,,,,,,
,,,,,,
,,,,,,
,,,,,,
,,,,,,
,,,,,,
,,,,,,
,,,,,,
,,,,,,
,,,,,,
,,,,,,
,,,,,,
,,,,,,
,,,,,,
,,,,,,
,,,,,,
,,,,,,
,,,,,,
,,,,,,
,,,,,,
,,,,,,
,,,,,,
,,,,,,
,,,,,,
,,,,,,
,,,,,,
,,,,,,
,,,,,,
,,,,,,
,,,,,,
,,,,,,
,,,,,,
,,,,,,
,,,,,,
,,,,,,
,,,,,,
,,,,,,
,,,,,,
,,,,,,
,,,,,,
,,,,,,
,,,,,,
,,,,,,
,,,,,,
,,,,,,
,,,,,,
,,,,,,
,,,,,,
,,,,,,
,,,,,,
,,,,,,
,,,,,,
,,,,,,
,,,,,,
,,,,,,
,,,,,,
,,,,,,
,,,,,,
,,,,,,
,,,,,,
,,,,,,
,,,,,,
,,,,,,
,,,,,,
,,,,,,
,,,,,,
,,,,,,
,,,,,,
,,,,,,
,,,,,,
,,,,,,
,,,,,,
,,,,,,
